14;1079;blanc d'oeuf;;egg, white;9;9;91;91;;;07;;43;;;;;;;;;;;10;03;;A031T#F17.A07NE$F17.A07NG$F26.A07XE$F28.A07GS;Hen egg  white, Other,Egg  white semi-liquid,Egg  yolk liquid,Pan frying / shallow frying;A031E;Eggs and egg products;A04NY;Unprocessed eggs;A031Q;Liquid egg products;13;
14;4342;flan sale;quiche sans pate;salty flan;18;18;182;182;;;;;;;;6F,7E,P4,L4,O6,G4;;;;03;;;;;;;A03YJ#F04.A036P$F04.A02LT$F04.A02NC$F04.A031F$F04.A00SB$F04.A025C$F04.A02YP$F04.A00HF$F22.A07SS;Egg based dishes, Home prepared (family, social networks, proxies),Olive oils,Milk,Creme fraiche and other mild variants of sour cream,Whole eggs,Leeks,Chorizo and similar,Cheese, gruyere,Shallots;A03VA;Composite dishes;A03VB;Dishes, incl. Ready to eat meals (excluding soups and salads);A03VC;Dishes excluding pasta or rice dishes, sandwiches and pizza);40;
14;1080;jaune d'oeuf;;egg, yolk;9;9;91;91;;;07;;00;;;;;;;;;;;11;03;;A031S#F17.A07NF$F17.A07NG;Hen egg yolk, Egg  white solid,Egg  yolk liquid;A031E;Eggs and egg products;A04NY;Unprocessed eggs;A031Q;Liquid egg products;29;
14;3471;oeuf brouille;;egg, scrambled;9;9;90;90;;;07;;34;;;L4,E2,CA;;;;03;;;;;03;;A03YK#F04.A02ZS$F04.A031G$F04.A025C$F04.A02LT$F22.A07SS$F28.A07GY;Cheese omelette, Home prepared (family, social networks, proxies),Cheese, parmigiano reggiano,Hen eggs,Chorizo and similar,Milk,Roasting;A03VA;Composite dishes;A03VB;Dishes, incl. Ready to eat meals (excluding soups and salads);A03VC;Dishes excluding pasta or rice dishes, sandwiches and pizza);69;
14;4230;oeuf cocotte;;shirred eggs;9;9;90;90;;;07;;47;;;42,G8;;;;03;;;;11;03,01;;A03YJ#F04.A031G$F04.A00TQ$F04.A00YE$F21.A0C6S$F22.A07SS$F28.A07GN;Egg based dishes, Home prepared (family, social networks, proxies),Hen eggs,Common mushrooms,Parsley,Back yard farming - growing,Bain-marie cooking (in water bath);A03VA;Composite dishes;A03VB;Dishes, incl. Ready to eat meals (excluding soups and salads);A03VC;Dishes excluding pasta or rice dishes, sandwiches and pizza);1;
14;4232;oeuf dur;;hard-boiled egg;9;9;91;91;;;11;;;;;;;;;;;;;12;01;;A032B#F17.A07NJ$F17.A07NF$F21.A0C6S$F27.A031J;Boiled eggs, Egg  yolk solid,Egg  white solid,Back yard farming - growing,Geese eggs;A031E;Eggs and egg products;A04NZ;Processed eggs;A032A;Hardened egg products;532;
14;3462;oeuf en gelee au jambon;aspic d'oeuf au jambon;egg, jelly with ham;9;9;90;90;;;;;;;;40;;;;03;;;;12;03,01;;A03YJ#F03.A0CEC$F04.A023K$F21.A0C6S$F22.A07SS;Egg based dishes, Brittle jelly,Home prepared (family, social networks, proxies),Cooked pork ham,Back yard farming - growing;A03VA;Composite dishes;A03VB;Dishes, incl. Ready to eat meals (excluding soups and salads);A03VC;Dishes excluding pasta or rice dishes, sandwiches and pizza);4;
14;1078;oeuf entier;;egg, whole;9;9;91;91;;;00;;94;;;;;;;;;;;00;00;;A031F#F28.A0BA1;Whole eggs, Cooking and similar thermal preparation processes;A031E;Eggs and egg products;A04NY;Unprocessed eggs;A031F;Whole eggs;17;
14;3461;oeuf mimosa;;egg, grated;9;9;90;90;;;07;;;;;D4;;;;03;;;;12;01;;A032B#F04.A044X$F04.A02DX$F17.A07NF$F17.A07NJ$F21.A0C6S$F22.A07SS$F27.A031G;Boiled eggs, Home prepared (family, social networks, proxies),Mayonnaise sauce,Tuna,Egg  white solid,Egg  yolk solid,Back yard farming - growing,Hen eggs;A031E;Eggs and egg products;A04NZ;Processed eggs;A032A;Hardened egg products;14;
14;4234;oeuf mollet;;boiled egg;9;9;91;91;;;07;;;;;;;;;;;;;11;01;;A032B#F17.A07NH$F17.A07NF$F21.A0C6S$F27.A031G;Boiled eggs, Egg  yolk semi-liquid,Egg  white solid,Back yard farming - growing,Hen eggs;A031E;Eggs and egg products;A04NZ;Processed eggs;A032A;Hardened egg products;2;
14;1077;oeuf n.s.;;egg n.s.;9;9;91;91;;;07;;34;;;;;;;;;;;00;01;;A031F#F01.A057Z$F21.A0C6S$F28.A07GY;Whole eggs, Gallus gallus (live animals),Back yard farming - growing,Roasting;A031E;Eggs and egg products;A04NY;Unprocessed eggs;A031F;Whole eggs;13;
14;4236;oeuf poche;;poached egg;9;9;91;91;;;07;;;;;;;;;;;;;11;01;;A032D#F21.A0C6S$F27.A031G;Poached eggs, Back yard farming - growing,Hen eggs;A031E;Eggs and egg products;A04NZ;Processed eggs;A032A;Hardened egg products;11;
14;4233;oeuf sur le plat;;fried egg;9;9;91;91;;;07;;42;;;;;;;;;;;11;03;;A032C#F17.A07NF$F17.A07NG$F26.A07XE$F27.A031G$F28.A07GS;Fried eggs, Other,Egg  white solid,Egg  yolk liquid,Hen eggs,Pan frying / shallow frying;A031E;Eggs and egg products;A04NZ;Processed eggs;A032A;Hardened egg products;330;
14;4235;oeuf a la coque;;soft-boiled egg;9;9;91;91;;;07;;;;;;;;;;;;;11;03;;A032B#F17.A07NG$F17.A07NF$F27.A031G;Boiled eggs, Egg  yolk liquid,Egg  white solid,Hen eggs;A031E;Eggs and egg products;A04NZ;Processed eggs;A032A;Hardened egg products;181;
14;3478;omelette;;omelet;9;9;90;90;;;07;;09;;;00;;;;03;;;;;03;;A03YN#F04.A031G$F22.A07SS$F26.A07XE$F28.A07GS;Omelette, plain, Home prepared (family, social networks, proxies),Other,Hen eggs,Pan frying / shallow frying;A03VA;Composite dishes;A03VB;Dishes, incl. Ready to eat meals (excluding soups and salads);A03VC;Dishes excluding pasta or rice dishes, sandwiches and pizza);369;
14;4231;souffle sale;;salty souffle;9;9;90;90;;;;;;;;E7;;;;03;;;;;;;A03YJ#F04.A02YM$F22.A07SS;Egg based dishes, Home prepared (family, social networks, proxies),Cheese, emmental;A03VA;Composite dishes;A03VB;Dishes, incl. Ready to eat meals (excluding soups and salads);A03VC;Dishes excluding pasta or rice dishes, sandwiches and pizza);10;
14;4050;tortilla (omelette espagnole aux pommes de terre);;tortilla;9;9;90;90;;;07;;09;;;T4;;;;03;;;;;03;;A03YJ#F04.A00ZT$F04.A031G$F22.A07SS$F26.A07XE$F28.A07GS;Egg based dishes, Home prepared (family, social networks, proxies),Other,Potatoes,Hen eggs,Pan frying / shallow frying;A03VA;Composite dishes;A03VB;Dishes, incl. Ready to eat meals (excluding soups and salads);A03VC;Dishes excluding pasta or rice dishes, sandwiches and pizza);98;
38;9345;aubergine farcie a la chair a saucisse;;aubergine, stuffed with sausage meat;23;23;231;231;;;;;98;99;;;;;;03;;;;;;;A03XX#F04.A00JD$F04.A024G$F22.A07SS$F28.A07MA$F28.A07HS;Vegetable based dishes, Home prepared (family, social networks, proxies),Aubergines,Fresh raw sausages,Filling,Raw, no heat treatment;A03VA;Composite dishes;A03VB;Dishes, incl. Ready to eat meals (excluding soups and salads);A03VC;Dishes excluding pasta or rice dishes, sandwiches and pizza);4;
38;2601;beignet sale de legumes;;vegetables, fritter;2;2;20;20;;;;;09;;;M2,FF;;;;03;;;;;01;;A03XX#F04.A00AJ$F04.A00JR$F04.A0DGR$F21.A0C6S$F22.A07SS$F26.A07XE$F28.A07GS;Vegetable based dishes, Home prepared (family, social networks, proxies),Other,Beignets,Courgettes,Courgette (edible flowers),Back yard farming - growing,Pan frying / shallow frying;A03VA;Composite dishes;A03VB;Dishes, incl. Ready to eat meals (excluding soups and salads);A03VC;Dishes excluding pasta or rice dishes, sandwiches and pizza);23;
38;9347;champignon farci a la chair a saucisse;;mushroom, stuffed with sausage meat;23;23;231;231;;;;;34;17;;;;;;03;;;;;;;A03YS#F04.A024G$F22.A07SS$F28.A07MA$F28.A07KP;Mushroom based dishes, Home prepared (family, social networks, proxies),Fresh raw sausages,Filling,Chilling;A03VA;Composite dishes;A03VB;Dishes, incl. Ready to eat meals (excluding soups and salads);A03VC;Dishes excluding pasta or rice dishes, sandwiches and pizza);1;
38;9346;chou farci a la chair a saucisse;;green cabagge, stuffed with sausage meat;23;23;231;231;;;;;98;99;;;;;;03;;;;;;;A03XX#F04.A00GL$F04.A024G$F22.A07SS$F28.A07MA$F28.A07HS;Vegetable based dishes, Home prepared (family, social networks, proxies),Kales and similar-,Fresh raw sausages,Filling,Raw, no heat treatment;A03VA;Composite dishes;A03VB;Dishes, incl. Ready to eat meals (excluding soups and salads);A03VC;Dishes excluding pasta or rice dishes, sandwiches and pizza);6;
38;9512;courgette farcie au thon;;courgette, stuffed with tuna;23;23;231;231;;;;;98;00;;;;;;03;;;;;;;A03XX#F04.A00JR$F04.A02DX$F22.A07SS;Vegetable based dishes, Home prepared (family, social networks, proxies),Courgettes,Tuna;A03VA;Composite dishes;A03VB;Dishes, incl. Ready to eat meals (excluding soups and salads);A03VC;Dishes excluding pasta or rice dishes, sandwiches and pizza);2;
38;9343;courgette farcie a la chair a saucisse;;courgette, stuffed with sausage meat;23;23;231;231;;;;;56;17;;;;;;03;;;;;;;A03XX#F04.A00JR$F04.A024G$F22.A07SS$F28.A07MA$F28.A07KP;Vegetable based dishes, Home prepared (family, social networks, proxies),Courgettes,Fresh raw sausages,Filling,Chilling;A03VA;Composite dishes;A03VB;Dishes, incl. Ready to eat meals (excluding soups and salads);A03VC;Dishes excluding pasta or rice dishes, sandwiches and pizza);36;
38;9405;celeri remoulade;;celery remoulade;23;23;234;234;;;;;;00;;;;;;22;;;;;;;A042B#F04.A00QJ$F04.A044X$F22.A07SQ;Salads, Canteen / localized catering prepared,Celeriacs,Mayonnaise sauce;A03VA;Composite dishes;A041K;Soups and salads;A042B;Salads;49;
38;9349;endive au jambon;;endive wrapped in ham;23;23;231;231;;;;;04;99;;;;;;03;;;;;;;A03XX#F04.A00NE$F04.A023K$F22.A07SS$F28.A07HS;Vegetable based dishes, Home prepared (family, social networks, proxies),Witloofs,Cooked pork ham,Raw, no heat treatment;A03VA;Composite dishes;A03VB;Dishes, incl. Ready to eat meals (excluding soups and salads);A03VC;Dishes excluding pasta or rice dishes, sandwiches and pizza);37;
38;3086;farci poitevin;;farci poitevin;7;7;74;74;743;743;;;;17;;;;;05;;;;;;;03;A03XX#F04.A00FT$F19.A07PR$F28.A07KP;Vegetable based dishes, Head brassica,Plastic,Chilling;A03VA;Composite dishes;A03VB;Dishes, incl. Ready to eat meals (excluding soups and salads);A03VC;Dishes excluding pasta or rice dishes, sandwiches and pizza);3;
38;3146;galette de legumes;palet de legumes;vegetables, wafer;2;2;20;20;;;;;34;02;;K3,M2,94,A5;;;;06;;;;;;02;A03XX#F04.A00QH$F04.A00JR$F04.A013J$F04.A00HC$F22.A07SH$F28.A07GY$F28.A07KQ;Vegetable based dishes, Food industry prepared,Carrots,Courgettes,Garden peas (dry),Onions,Roasting,Freezing;A03VA;Composite dishes;A03VB;Dishes, incl. Ready to eat meals (excluding soups and salads);A03VC;Dishes excluding pasta or rice dishes, sandwiches and pizza);25;
38;9328;gratin de chou fleur a la bechamel;;cauliflower, gratinated bechamel sauce;23;23;231;231;;;;;32;;;;;;23,05;06;;;01;;;02;A03YF#F04.A043X$F04.A00FR$F22.A07SH;Vegetables, gratinated, Food industry prepared,Bechamel sauce,Cauliflowers;A03VA;Composite dishes;A03VB;Dishes, incl. Ready to eat meals (excluding soups and salads);A03VC;Dishes excluding pasta or rice dishes, sandwiches and pizza);47;
38;9334;gratin de chou fleur a la creme;;cauliflower, gratinated cream;23;23;231;231;;;;;32;17;;;;;;03;;;;;;;A03YF#F04.A00FR$F04.A02NC$F22.A07SS$F28.A07KP;Vegetables, gratinated, Home prepared (family, social networks, proxies),Cauliflowers,Creme fraiche and other mild variants of sour cream,Chilling;A03VA;Composite dishes;A03VB;Dishes, incl. Ready to eat meals (excluding soups and salads);A03VC;Dishes excluding pasta or rice dishes, sandwiches and pizza);14;
38;9330;gratin de courgette a la bechamel;;courgette, gratinated bechamel sauce;23;23;231;231;;;;;34;99;;;;;;03;;;;;;;A03YF#F04.A043X$F04.A00JR$F22.A07SS$F28.A07HS;Vegetables, gratinated, Home prepared (family, social networks, proxies),Bechamel sauce,Courgettes,Raw, no heat treatment;A03VA;Composite dishes;A03VB;Dishes, incl. Ready to eat meals (excluding soups and salads);A03VC;Dishes excluding pasta or rice dishes, sandwiches and pizza);24;
38;9329;gratin de courgette a la creme;;courgette, gratinated cream;23;23;231;231;;;;;98;17;;;;;;03;;;;;;;A03YF#F04.A02NC$F04.A00JR$F22.A07SS$F28.A07KP;Vegetables, gratinated, Home prepared (family, social networks, proxies),Creme fraiche and other mild variants of sour cream,Courgettes,Chilling;A03VA;Composite dishes;A03VB;Dishes, incl. Ready to eat meals (excluding soups and salads);A03VC;Dishes excluding pasta or rice dishes, sandwiches and pizza);26;
38;9332;gratin de legumes melanges a la bechamel;;mixed vegetables, gratinated bechamel sauce;23;23;231;231;;;;;00;00;;;;;;22;;;;;;;A03YF#F04.A043X$F22.A07SQ;Vegetables, gratinated, Canteen / localized catering prepared,Bechamel sauce;A03VA;Composite dishes;A03VB;Dishes, incl. Ready to eat meals (excluding soups and salads);A03VC;Dishes excluding pasta or rice dishes, sandwiches and pizza);25;
38;9331;gratin de legumes melanges a la creme;;mixed vegetables, gratinated cream;23;23;231;231;;;;;34;00;;;;;;25;;;;;;;A03YF#F04.A02NC$F22.A07SP;Vegetables, gratinated, Restaurant prepared,Creme fraiche and other mild variants of sour cream;A03VA;Composite dishes;A03VB;Dishes, incl. Ready to eat meals (excluding soups and salads);A03VC;Dishes excluding pasta or rice dishes, sandwiches and pizza);16;
38;9559;gratin de legumes a la viande;;gratin, vegetables and meat;23;23;231;231;;;;;34;99;;;;;;03;;;;;;;A03VV#F04.A07XJ$F22.A07SS$F28.A07HJ$F28.A07HS;Meat based dishes, Home prepared (family, social networks, proxies),Garden vegetables and primary derivatives thereof,Caramelization / browning,Raw, no heat treatment;A03VA;Composite dishes;A03VB;Dishes, incl. Ready to eat meals (excluding soups and salads);A03VC;Dishes excluding pasta or rice dishes, sandwiches and pizza);31;
38;9560;gratin de pommes de terre et legumes;;gratin, potatoes and vegetables;23;23;231;231;;;;;98;99;;;;;;03;;;;;;;A03VH#F22.A07SS$F28.A07HJ$F28.A07HS;Potatoes and vegetables meal, Home prepared (family, social networks, proxies),Caramelization / browning,Raw, no heat treatment;A03VA;Composite dishes;A03VB;Dishes, incl. Ready to eat meals (excluding soups and salads);A03VC;Dishes excluding pasta or rice dishes, sandwiches and pizza);6;
38;9335;gratin de pommes de terre et legumes a la bechamel;;potato and vegetables, gratinated bechamel sauce;23;23;231;231;;;;;32;17;;;;;;03;;;;;;;A03VH#F04.A043X$F22.A07SS$F28.A07HJ$F28.A07KP;Potatoes and vegetables meal, Home prepared (family, social networks, proxies),Bechamel sauce,Caramelization / browning,Chilling;A03VA;Composite dishes;A03VB;Dishes, incl. Ready to eat meals (excluding soups and salads);A03VC;Dishes excluding pasta or rice dishes, sandwiches and pizza);9;
38;9333;gratin de pommes de terre et legumes a la creme;;potato and vegetables, gratinated cream;23;23;231;231;;;;;34;99;;;;;;03;;;;;;;A03VH#F04.A02NC$F22.A07SS$F28.A07HJ$F28.A07HS;Potatoes and vegetables meal, Home prepared (family, social networks, proxies),Creme fraiche and other mild variants of sour cream,Caramelization / browning,Raw, no heat treatment;A03VA;Composite dishes;A03VB;Dishes, incl. Ready to eat meals (excluding soups and salads);A03VC;Dishes excluding pasta or rice dishes, sandwiches and pizza);19;
38;9561;gratin de pommes de terre et legumes a la viande/volaille;;gratin, potatoes, vegetables and meat/poultry;23;23;231;231;;;;;34;17;;;;;;03;;;;;;;A03VK#F22.A07SS$F28.A07HJ$F28.A07KP;Potatoes, meat, and vegetables meal, Home prepared (family, social networks, proxies),Caramelization / browning,Chilling;A03VA;Composite dishes;A03VB;Dishes, incl. Ready to eat meals (excluding soups and salads);A03VC;Dishes excluding pasta or rice dishes, sandwiches and pizza);10;
38;9325;gratin de potiron a la bechamel;;pumpkin, gratinated bechamel sauce;23;23;231;231;;;;;98;99;;;;;;03;;;;;;;A03YF#F04.A043X$F04.A00KH$F22.A07SS$F28.A07HS;Vegetables, gratinated, Home prepared (family, social networks, proxies),Bechamel sauce,Pumpkins,Raw, no heat treatment;A03VA;Composite dishes;A03VB;Dishes, incl. Ready to eat meals (excluding soups and salads);A03VC;Dishes excluding pasta or rice dishes, sandwiches and pizza);3;
38;9326;gratin de potiron a la creme;;pumpkin, gratinated cream;23;23;231;231;;;;;34;99;;;;;;03;;;;;;;A03YF#F04.A02NC$F04.A00KH$F22.A07SS$F28.A07HS;Vegetables, gratinated, Home prepared (family, social networks, proxies),Creme fraiche and other mild variants of sour cream,Pumpkins,Raw, no heat treatment;A03VA;Composite dishes;A03VB;Dishes, incl. Ready to eat meals (excluding soups and salads);A03VC;Dishes excluding pasta or rice dishes, sandwiches and pizza);4;
38;9538;gratin de riz aux legumes/crudites;;gratin, rice and vegetables;22;22;222;222;;;;;98;99;;;;;;03;;;;;;;A041G#F22.A07SS$F28.A07HJ$F28.A07HS;Rice and vegetables meal, Home prepared (family, social networks, proxies),Caramelization / browning,Raw, no heat treatment;A03VA;Composite dishes;A03VB;Dishes, incl. Ready to eat meals (excluding soups and salads);A040M;Pastas and rice (or other cereal) -based dishes;5;
38;9539;gratin de riz et legumes/crudites a la viande;;gratin, rice, vegetables and meat;22;22;222;222;;;;;98;99;;;;;;03;;;;;;;A041J#F22.A07SS$F28.A07HJ$F28.A07HS;Rice, meat, and vegetables meal, Home prepared (family, social networks, proxies),Caramelization / browning,Raw, no heat treatment;A03VA;Composite dishes;A03VB;Dishes, incl. Ready to eat meals (excluding soups and salads);A040M;Pastas and rice (or other cereal) -based dishes;2;
38;3308;legume noisette;;vegetables, nuts-shape, other;2;2;20;20;;;;;09;02;;;;;;06;;;;;;02;A00ZN#F22.A07SH$F26.A07XE$F28.A07HK$F28.A07GS$F28.A07KQ;Mashed vegetable puree, Food industry prepared,Other,Breading,Pan frying / shallow frying,Freezing;A00FJ;Vegetables and vegetable products;A00ZA;Processed or preserved vegetables and similar;A0F3F;Vegetable puree or paste;2;
38;9562;legumes gratines;;gratinated vegetables;23;23;231;231;;;;;32;17;;;;;;03;;;;;;;A03YF#F22.A07SS$F28.A07KP;Vegetables, gratinated, Home prepared (family, social networks, proxies),Chilling;A03VA;Composite dishes;A03VB;Dishes, incl. Ready to eat meals (excluding soups and salads);A03VC;Dishes excluding pasta or rice dishes, sandwiches and pizza);31;
38;9348;moussaka;;moussaka;23;23;231;231;;;;;98;99;;;;;;03;;;;;;;A03XE#F22.A07SS$F28.A07HS;Moussaka, Home prepared (family, social networks, proxies),Raw, no heat treatment;A03VA;Composite dishes;A03VB;Dishes, incl. Ready to eat meals (excluding soups and salads);A03VC;Dishes excluding pasta or rice dishes, sandwiches and pizza);17;
38;3426;mousse de legumes;;vegetables, mousse;2;2;20;20;;;;;;;;K7;;;05;06;;;;;;03;A03XX#F04.A031T$F04.A00TG$F19.A07PR$F22.A07SH$F28.A07LE$F28.A07KP;Vegetable based dishes, Food industry prepared,Hen egg  white,Ceps,Plastic,Aerating / whipping,Chilling;A03VA;Composite dishes;A03VB;Dishes, incl. Ready to eat meals (excluding soups and salads);A03VC;Dishes excluding pasta or rice dishes, sandwiches and pizza);6;
38;3374;melange de legumes pour couscous;;vegetables, mixed for couscous;2;2;20;20;;;;;97;01;;K3,M2,D8,X6,L1;;;04;06;;;;;;99;A03XX#F04.A00QH$F04.A00JR$F04.A00HR$F04.A00RE$F04.A0BAV$F19.A07PG$F22.A07SH$F28.A07HD$F28.A0BYP;Vegetable based dishes, Food industry prepared,Carrots,Courgettes,Globe tomato,Turnips,Chickpeas (without pods),Metal,Reheating,Canning / jarring;A03VA;Composite dishes;A03VB;Dishes, incl. Ready to eat meals (excluding soups and salads);A03VC;Dishes excluding pasta or rice dishes, sandwiches and pizza);111;
38;3375;melange de legumes pour potage;;vegetables, mixed for soup;2;2;20;20;;;;;94;00;;00;;;;22;;;;;;;A03XX#F22.A07SQ$F28.A0BA1;Vegetable based dishes, Canteen / localized catering prepared,Cooking and similar thermal preparation processes;A03VA;Composite dishes;A03VB;Dishes, incl. Ready to eat meals (excluding soups and salads);A03VC;Dishes excluding pasta or rice dishes, sandwiches and pizza);16;
38;4132;melange de legumes pour tajine;;vegetables, mixed for tajine;2;2;20;20;;;;;09;00;;K3,M2,G3,G1,X6,W8,W6,W7,A5;;;;00;;;;;;;A03XX#F04.A00QH$F04.A00JR$F04.A00RY$F04.A00JD$F04.A00RE$F04.A00JA$F04.A00HC$F26.A07XE$F28.A07GS;Vegetable based dishes, Other,Carrots,Courgettes,Celeries,Aubergines,Turnips,Sweet peppers,Onions,Pan frying / shallow frying;A03VA;Composite dishes;A03VB;Dishes, incl. Ready to eat meals (excluding soups and salads);A03VC;Dishes excluding pasta or rice dishes, sandwiches and pizza);8;
38;9563;poireau au jambon;;leek wrapped in ham;23;23;231;231;;;;;34;99;;;;;;03;;;;;;;A03XX#F04.A00SB$F04.A023K$F22.A07SS$F28.A07HS;Vegetable based dishes, Home prepared (family, social networks, proxies),Leeks,Cooked pork ham,Raw, no heat treatment;A03VA;Composite dishes;A03VB;Dishes, incl. Ready to eat meals (excluding soups and salads);A03VC;Dishes excluding pasta or rice dishes, sandwiches and pizza);8;
38;9344;poivron farci a la chair a saucisse;;pepper, stuffed with sausage meat;23;23;231;231;;;;;98;00;;;;;;00;;;;;;;A03XX#F04.A00JA$F04.A024G$F28.A07MA;Vegetable based dishes, Sweet peppers,Fresh raw sausages,Filling;A03VA;Composite dishes;A03VB;Dishes, incl. Ready to eat meals (excluding soups and salads);A03VC;Dishes excluding pasta or rice dishes, sandwiches and pizza);6;
38;4332;poelee campagnarde (pdt boeuf oignon);;mixed cooked dish like poelee campagnarde;17;17;170;170;;;;;97;;;T4;;;05;06;;;;;;02;A03VK#F04.A00HC$F04.A01QV$F04.A00ZT$F19.A07PR$F22.A07SH$F28.A07HD$F28.A07KQ;Potatoes, meat, and vegetables meal, Food industry prepared,Onions,Bovine muscle,Potatoes,Plastic,Reheating,Freezing;A03VA;Composite dishes;A03VB;Dishes, incl. Ready to eat meals (excluding soups and salads);A03VC;Dishes excluding pasta or rice dishes, sandwiches and pizza);9;
38;4337;poelee de legumes et pomme de terre;;mixed cooked vegetables and potatoes;17;17;170;170;;;;;43;;;K3,N3,T4,42;;;00;06;;;;;;02;A03VH#F04.A00QH$F04.A00PG$F04.A00ZT$F04.A00TQ$F22.A07SH$F26.A07XE$F28.A07GS$F28.A07KQ;Potatoes and vegetables meal, Food industry prepared,Other,Carrots,French beans (with pods),Potatoes,Common mushrooms,Pan frying / shallow frying,Freezing;A03VA;Composite dishes;A03VB;Dishes, incl. Ready to eat meals (excluding soups and salads);A03VC;Dishes excluding pasta or rice dishes, sandwiches and pizza);35;
38;4338;poelee parisienne (h vert pdt carotte lardon);;mixed cooked dish like poelee parisienne;17;17;170;170;;;;;43;;;N3,K3,41;;;05;06;;;;;;02;A03VK#F04.A00QH$F04.A023A$F04.A00PG$F19.A07PR$F22.A07SH$F26.A07XE$F28.A07GS$F28.A07KQ;Potatoes, meat, and vegetables meal, Food industry prepared,Other,Carrots,Cured pork fat,French beans (with pods),Plastic,Pan frying / shallow frying,Freezing;A03VA;Composite dishes;A03VB;Dishes, incl. Ready to eat meals (excluding soups and salads);A03VC;Dishes excluding pasta or rice dishes, sandwiches and pizza);2;
38;4331;poelee paysanne (pdt champignon oignon lardon);;mixed cooked dish like poelee paysanne;17;17;170;170;;;;;09;;;A5,42,41;;;05;06;;;;;;02;A03VK#F04.A0ETG$F04.A00HC$F04.A023A$F04.A00TQ$F19.A07PR$F22.A07SH$F26.A07XE$F28.A07GS$F28.A07KQ;Potatoes, meat, and vegetables meal, Food industry prepared,Other,Fungi,Onions,Cured pork fat,Common mushrooms,Plastic,Pan frying / shallow frying,Freezing;A03VA;Composite dishes;A03VB;Dishes, incl. Ready to eat meals (excluding soups and salads);A03VC;Dishes excluding pasta or rice dishes, sandwiches and pizza);3;
38;4333;poelee savoyarde (pdt lardon fromage);;mixed cooked dish like poelee savoyarde;17;17;170;170;;;;;43;;;T4,41,35;;;05;06;;;;;;02;A03VL#F04.A023A$F04.A00ZT$F04.A02QE$F19.A07PR$F22.A07SH$F26.A07XE$F28.A07GS$F28.A07KQ;Potatoes and cheese meal, Food industry prepared,Other,Cured pork fat,Potatoes,Cheese,Plastic,Pan frying / shallow frying,Freezing;A03VA;Composite dishes;A03VB;Dishes, incl. Ready to eat meals (excluding soups and salads);A03VC;Dishes excluding pasta or rice dishes, sandwiches and pizza);5;
38;3695;puree (legumes);;vegetables, mashed;2;2;20;20;;;;06;;;;N3,20,94;;;00;06;;;;;;02;A00ZN#F22.A07SH$F27.A00PG$F27.A00FN$F04.A013J$F28.A07KQ;Mashed vegetable puree, Food industry prepared,Garden peas (dry),French beans (with pods),Broccoli,Freezing;A00FJ;Vegetables and vegetable products;A00ZA;Processed or preserved vegetables and similar;A0F3F;Vegetable puree or paste;303;
38;2117;pate vegetal;;vegetarian spread;7;7;76;76;;;;;98;;;;;;04;;;;;;;03;A03VS#F19.A07PG$F24.A07VP$F28.A07KP;Beans and vegetables meal, Ready-to-eat,Metal,Chilling;A03VA;Composite dishes;A03VB;Dishes, incl. Ready to eat meals (excluding soups and salads);A03VC;Dishes excluding pasta or rice dishes, sandwiches and pizza);7;
38;9513;rougaille mangue;;rougail, mango;23;23;231;231;;;;;99;99;;;;;;03;;;;;;;A042B#F22.A07SS$F28.A07HS;Salads, Home prepared (family, social networks, proxies),Raw, no heat treatment;A03VA;Composite dishes;A041K;Soups and salads;A042B;Salads;1;
38;9391;salade au crabe;salade au surimi;salad, crab;23;23;234;234;;;;;;17;;;;;05;06;;;00;;;03;A03XN#F04.A0FCP$F22.A07SH$F28.A07KP;Seafood salad, Food industry prepared,Edible crab,Chilling;A03VA;Composite dishes;A03VB;Dishes, incl. Ready to eat meals (excluding soups and salads);A03VC;Dishes excluding pasta or rice dishes, sandwiches and pizza);7;
38;9566;salade au surimi;;salad, surimi;23;23;234;234;;;;;;17;;;;;05;06;;;04;;;03;A03XP#F04.A02KE$F10.A0CQE$F22.A07SH$F28.A07KP;Prepared fish salad, Food industry prepared,Fish paste or surimi,Without added salt,Chilling;A03VA;Composite dishes;A03VB;Dishes, incl. Ready to eat meals (excluding soups and salads);A03VC;Dishes excluding pasta or rice dishes, sandwiches and pizza);3;
38;9386;salade aux lardons;;salad, lardon;23;23;234;234;;;;;;00;;;;;;25;;;;;;;A042M#F04.A032B$F04.A023A$F04.A0DMX$F04.A0DLB$F22.A07SP;Prepared mixed egg/meat/fish/vegetable salad, Restaurant prepared,Boiled eggs,Cured pork fat,Tomatoes,Lettuces and similar-;A03VA;Composite dishes;A041K;Soups and salads;A042B;Salads;13;
38;9398;salade coleslaw;;salad, coleslaw;23;23;234;234;;;;;;99;;;;;;22;;;;;;;A042D#F04.A00GC$F04.A00QH$F04.A044X$F22.A07SQ$F28.A07HS;Mixed vegetable salad, Canteen / localized catering prepared,White cabbage,Carrots,Mayonnaise sauce,Raw, no heat treatment;A03VA;Composite dishes;A041K;Soups and salads;A042B;Salads;19;
38;9383;salade composee au fromage;;salad, cheese;23;23;234;234;;;;;;00;;;;;;25;;;;;;;A042B#F04.A02QE$F22.A07SP;Salads, Restaurant prepared,Cheese;A03VA;Composite dishes;A041K;Soups and salads;A042B;Salads;47;
38;9404;salade celeri carotte type remoulade;salade duo de crudites;salad, remoulade;23;23;234;234;;;;;;17;;;;;10;06;;;01;;;03;A042D#F04.A00QJ$F04.A00QH$F04.A044X$F22.A07SH$F28.A07KP;Mixed vegetable salad, Food industry prepared,Celeriacs,Carrots,Mayonnaise sauce,Chilling;A03VA;Composite dishes;A041K;Soups and salads;A042B;Salads;7;
38;9521;salade d'avocat et crevettes;;salad, avocado shrimp;23;23;234;234;;;;;;99;;;;;;03;;;;;;;A042D#F04.A01LB$F04.A02FX$F22.A07SS$F28.A07HS;Mixed vegetable salad, Home prepared (family, social networks, proxies),Avocados,Shrimps and prawns,Raw, no heat treatment;A03VA;Composite dishes;A041K;Soups and salads;A042B;Salads;1;
38;9516;salade de crudites et oeuf;;salad, raw vegetables egg;23;23;234;234;;;;;;17;;;;;;03;;;;;;;A03YD#F22.A07SS$F28.A07KP;Mixed vegetables, braised, Home prepared (family, social networks, proxies),Chilling;A03VA;Composite dishes;A03VB;Dishes, incl. Ready to eat meals (excluding soups and salads);A03VC;Dishes excluding pasta or rice dishes, sandwiches and pizza);15;
38;9387;salade de haricot rouge;;red bean salad;23;23;234;234;;;;;;17;;;;;;22;;;;;;;A042G#F04.A012V$F22.A07SQ$F28.A07KP;Prepared legume (beans) salad, Canteen / localized catering prepared,Kidney bean (dry seeds),Chilling;A03VA;Composite dishes;A041K;Soups and salads;A042B;Salads;4;
38;9389;salade grecque;;greek salad;23;23;234;234;;;;;;17;;;;;;03;;;;;;;A042F#F22.A07SS$F28.A07KP;Greek salad, Home prepared (family, social networks, proxies),Chilling;A03VA;Composite dishes;A041K;Soups and salads;A042B;Salads;11;
38;9385;salade nicoise;;salad, nicoise;23;23;234;234;;;;;;17;;;;;;03;;;;;;;A042M#F04.A032B$F04.A02DX$F04.A02DD$F04.A00PG$F22.A07SS$F28.A07KP;Prepared mixed egg/meat/fish/vegetable salad, Home prepared (family, social networks, proxies),Boiled eggs,Tuna,Anchovies,French beans (with pods),Chilling;A03VA;Composite dishes;A041K;Soups and salads;A042B;Salads;6;
38;9524;tajine aux legumes;;tajine, vegetables;23;23;231;231;;;;;98;99;;;;;;03;;;;;;;A03YD#F22.A07SS$F28.A07HS;Mixed vegetables, braised, Home prepared (family, social networks, proxies),Raw, no heat treatment;A03VA;Composite dishes;A03VB;Dishes, incl. Ready to eat meals (excluding soups and salads);A03VC;Dishes excluding pasta or rice dishes, sandwiches and pizza);2;
38;4027;terrine de legumes;;vegetables, cake;2;2;20;20;;;;;;;;M2;;;;03;;;;;03;;A03XX#F04.A00JR$F22.A07SS$F26.A07XE;Vegetable based dishes, Home prepared (family, social networks, proxies),Other,Courgettes;A03VA;Composite dishes;A03VB;Dishes, incl. Ready to eat meals (excluding soups and salads);A03VC;Dishes excluding pasta or rice dishes, sandwiches and pizza);3;
38;9514;tian de legumes;;tian, vegetables;23;23;231;231;;;;;98;99;;;;;;03;;;;;;;A03YB#F22.A07SS$F28.A07HS;Mixed vegetables, grilled, Home prepared (family, social networks, proxies),Raw, no heat treatment;A03VA;Composite dishes;A03VB;Dishes, incl. Ready to eat meals (excluding soups and salads);A03VC;Dishes excluding pasta or rice dishes, sandwiches and pizza);2;
38;9564;tomate farcie aux legumes;;tomato, stuffed with vegetables;23;23;231;231;;;;;98;99;;;;;;03;;;;;;;A03XX#F04.A0DMX$F04.A07XJ$F22.A07SS$F28.A07HS;Vegetable based dishes, Home prepared (family, social networks, proxies),Tomatoes,Garden vegetables and primary derivatives thereof,Raw, no heat treatment;A03VA;Composite dishes;A03VB;Dishes, incl. Ready to eat meals (excluding soups and salads);A03VC;Dishes excluding pasta or rice dishes, sandwiches and pizza);4;
38;9342;tomate farcie a la chair a saucisse;;tomato, stuffed with sausage meat;23;23;231;231;;;;;34;17;;;;;99;08;;;;;;;A03XX#F04.A0DMX$F04.A024G$F22.A07SY$F28.A07MA$F28.A07KP;Vegetable based dishes, Prepared by artisan,Tomatoes,Fresh raw sausages,Filling,Chilling;A03VA;Composite dishes;A03VB;Dishes, incl. Ready to eat meals (excluding soups and salads);A03VC;Dishes excluding pasta or rice dishes, sandwiches and pizza);109;
38;9350;tomate fourree au thon;;tomato, stuffed with tuna;23;23;231;231;;;;;;99;;;;;;03;;;;;;;A03XX#F04.A02DX$F04.A0DMW$F22.A07SS$F28.A07MA$F28.A07HS;Vegetable based dishes, Home prepared (family, social networks, proxies),Tuna,Filling,Raw, no heat treatment;A03VA;Composite dishes;A03VB;Dishes, incl. Ready to eat meals (excluding soups and salads);A03VC;Dishes excluding pasta or rice dishes, sandwiches and pizza);1;
