9;322;abondance;;cheese, abondance raw milk (aoc);5;5;55;55;552;552;02;16;;;;;;;99;;;;;;;;A02SX#F03.A06JB$F25.A07VY;Cheese, abondance, Dices / sticks,Made from raw or low heat-treated milk;A02LR;Milk and dairy products;A02QE;Cheese;A02RG;Ripened cheese;44;
9;323;appenzell;;cheese, appenzell;5;5;55;55;552;552;02;16;;;;;;;10;;;;;;;;A02SY#F03.A06JB$F19.A07PR;Cheese, appenzeller, Dices / sticks,Plastic;A02LR;Milk and dairy products;A02QE;Cheese;A02RG;Ripened cheese;1;
9;2557;banon;fromage de chèvre type banon;banon au lait cru (aoc);5;5;55;55;551;551;03;;;17;;;;;00;;;;;;;;A02RZ#F25.A07VY$F26.A07XE$F28.A07KP;Cheese, chevre mould ripened, Made from raw or low heat-treated milk,Other,Chilling;A02LR;Milk and dairy products;A02QE;Cheese;A02RG;Ripened cheese;3;
9;324;beaufort;;beaufort raw milk (aoc);5;5;55;55;552;552;02;16;;;;;;;05;;;;;;;;A02TC#F03.A06JB$F19.A07PR$F25.A07VY;Cheese, beaufort, Dices / sticks,Made from raw or low heat-treated milk,Plastic;A02LR;Milk and dairy products;A02QE;Cheese;A02RG;Ripened cheese;48;
9;5034;bethmale au lait cru;;raw milk cheese, bethmale;5;5;55;55;552;552;02;;;;;;;;;;;;;;;;A02SV#F25.A07VY$F26.A07XE$F27.A02LV;Firm/semi-hard cheese (gouda and edam type), Made from raw or low heat-treated milk,Other,Cow milk;A02LR;Milk and dairy products;A02QE;Cheese;A02RG;Ripened cheese;4;
9;4192;bleu au lait cru n.s.;;cheese, blue, raw milk, n.s.;5;5;55;55;553;553;02;;;;;;;;99;;;;;;;;A030B#F25.A07VY;Firm-ripened blue mould-veined cheese, Made from raw or low heat-treated milk;A02LR;Milk and dairy products;A02QE;Cheese;A02RG;Ripened cheese;5;
9;373;bleu d'auvergne au lait cru;;bleu d'auvergne raw milk (aoc);5;5;55;55;553;553;02;;;;;;;;99;;;;;;;;A030C#F25.A07VY;Cheese, bleu d'auvergne, Made from raw or low heat-treated milk;A02LR;Milk and dairy products;A02QE;Cheese;A02RG;Ripened cheese;24;
9;2738;bleu d'auvergne n.s.;;bleu d'auvergne n.s.;5;5;55;55;553;553;02;;;;;;;;10;;;;;;;;A030C#F19.A07PR;Cheese, bleu d'auvergne, Plastic;A02LR;Milk and dairy products;A02QE;Cheese;A02RG;Ripened cheese;23;
9;2737;bleu d'auvergne pasteurisé;;bleu d'auvergne pasteurized;5;5;55;55;553;553;02;;;08;;;;;10;;;;;;;;A030C#F19.A07PR$F25.A07VX;Cheese, bleu d'auvergne, Made from pasteurised milk,Plastic;A02LR;Milk and dairy products;A02QE;Cheese;A02RG;Ripened cheese;20;
9;374;bleu de bresse;;bleu de bresse;5;5;55;55;553;553;02;;;;;;;05;12;;;;;;;;A02SM#F10.A077C$F19.A07PL$F26.A07XE$F27.A02LV;Soft-ripened cheese with white and blue mould (cambozola type), Other,Low fat (naturally or reduced),Paper foil,Cow milk;A02LR;Milk and dairy products;A02QE;Cheese;A02RG;Ripened cheese;42;
9;2739;bleu de gex;;bleu de gex raw milk (aoc);5;5;55;55;553;553;02;;;;;;;;12;;;;;;;;A030D#F19.A07PL$F25.A07VY;Cheese, bleu de gex, Made from raw or low heat-treated milk,Paper foil;A02LR;Milk and dairy products;A02QE;Cheese;A02RG;Ripened cheese;6;
9;2744;bleu des causses n.s.;;bleu des causses n.s.;5;5;55;55;553;553;02;;;;;;;;99;;;;;;;;A030B#F26.A07XE$F27.A02LV;Firm-ripened blue mould-veined cheese, Other,Cow milk;A02LR;Milk and dairy products;A02QE;Cheese;A02RG;Ripened cheese;1;
9;2743;bleu des causses pasteurisé;;bleu des causses pasteurized;5;5;55;55;553;553;02;;;08;;;;;99;;;;;;;;A030B#F25.A07VX$F26.A07XE$F27.A02LV;Firm-ripened blue mould-veined cheese, Made from pasteurised milk,Other,Cow milk;A02LR;Milk and dairy products;A02QE;Cheese;A02RG;Ripened cheese;4;
9;2740;bleu du vercors au lait cru;;bleu du vercors raw milk (aoc);5;5;55;55;553;553;02;;;;;;;;99;;;;;;;;A030B#F25.A07VY$F26.A07XE$F27.A02LV;Firm-ripened blue mould-veined cheese, Made from raw or low heat-treated milk,Other,Cow milk;A02LR;Milk and dairy products;A02QE;Cheese;A02RG;Ripened cheese;7;
9;2742;bleu du vercors n.s.;;bleu du vercors n.s.;5;5;55;55;553;553;02;;;;;;;;00;;;;;;;;A030B#F26.A07XE$F27.A02LV;Firm-ripened blue mould-veined cheese, Other,Cow milk;A02LR;Milk and dairy products;A02QE;Cheese;A02RG;Ripened cheese;3;
9;2741;bleu du vercors pasteurisé;;bleu du vercors pasteurized;5;5;55;55;553;553;02;;;08;;;;;00;;;;;;;;A030B#F25.A07VX$F26.A07XE$F27.A02LV;Firm-ripened blue mould-veined cheese, Made from pasteurised milk,Other,Cow milk;A02LR;Milk and dairy products;A02QE;Cheese;A02RG;Ripened cheese;1;
9;4193;bleu pasteurisé n.s.;;cheese, blue, pasteurized, n.s.;5;5;55;55;553;553;02;;;08;;;;00;00;;;;00;;;;A02QE#F25.A07VX$F26.A07XE;Cheese, Made from pasteurised milk,Other;A02LR;Milk and dairy products;A02QE;Cheese;;;9;
9;230;boulette d'avesnes au lait cru;;boulette d'avesnes raw milk;5;5;55;55;551;551;02;;;;;;;;12;;;;;;;;A02RJ#F19.A07PL$F25.A07VY$F26.A07XE$F27.A02LV;Soft-ripened washed-rind cheese (limburger type), Made from raw or low heat-treated milk,Other,Paper foil,Cow milk;A02LR;Milk and dairy products;A02QE;Cheese;A02RG;Ripened cheese;1;
9;232;boursault;;boursault;5;5;55;55;551;551;02;;;;;;;;12;;;;;;;;A02RH#F19.A07PL;Soft - ripened cheese, Paper foil;A02LR;Milk and dairy products;A02QE;Cheese;A02RG;Ripened cheese;2;
9;234;brie de meaux;brie au lait cru, brie de melun;brie, de meaux raw milk (aoc);5;5;55;55;551;551;02;;;;;;;;05,21;;;;;;;;A02RV#F19.A07PR$F19.A07PZ$F25.A07VY;Cheese, brie, Made from raw or low heat-treated milk,Plastic,Wood or cork;A02LR;Milk and dairy products;A02QE;Cheese;A02RG;Ripened cheese;128;
9;233;brie n.s.;;brie n.s.;5;5;55;55;551;551;02;;;;;;;01;00;;;;;;;;A02RV#F10.A077A;Cheese, brie, Full fat;A02LR;Milk and dairy products;A02QE;Cheese;A02RG;Ripened cheese;77;
9;236;brie pasteurisé;;brie, pasteurized;5;5;55;55;551;551;02;;;08;;;;01;12;;;;;;;;A02RV#F10.A077A$F19.A07PL$F25.A07VX;Cheese, brie, Made from pasteurised milk,Full fat,Paper foil;A02LR;Milk and dairy products;A02QE;Cheese;A02RG;Ripened cheese;188;
9;2160;brillat savarin;;brillat savarin;5;5;55;55;551;551;02;;;;;;;;12;;;;;;;;A02RT#F19.A07PL$F26.A07XE$F27.A02LV;Soft-ripened cheese with bloomy rind (white mould) (brie, camembert type), Other,Paper foil,Cow milk;A02LR;Milk and dairy products;A02QE;Cheese;A02RG;Ripened cheese;8;
9;2806;brin d'amour;fromage de brebis type brin d'amour;brin d'amour raw milk;5;5;55;55;551;551;15;;;;;;;;05,21;;;;;;;;A02RT#F04.A04MA$F19.A07PR$F19.A07PZ$F25.A07VY$F26.A07XE$F27.A02MC;Soft-ripened cheese with bloomy rind (white mould) (brie, camembert type), Made from raw or low heat-treated milk,Other,Aromatic herbs,Plastic,Wood or cork,Sheep milk;A02LR;Milk and dairy products;A02QE;Cheese;A02RG;Ripened cheese;17;
9;5035;briquette de brebis;;sheep cheese;5;5;55;55;551;551;15;;;;;;;;12;;;;;;;;A02RT#F19.A07PL$F27.A02MC;Soft-ripened cheese with bloomy rind (white mould) (brie, camembert type), Paper foil,Sheep milk;A02LR;Milk and dairy products;A02QE;Cheese;A02RG;Ripened cheese;1;
9;338;briquette de chèvre;fromage de chèvre type briquette;briquette chevre au lait cru;5;5;55;55;551;551;03;;;;;;;;21;;;;;;;;A02RZ#F19.A07PZ$F25.A07VY$F26.A07XE;Cheese, chevre mould ripened, Made from raw or low heat-treated milk,Other,Wood or cork;A02LR;Milk and dairy products;A02QE;Cheese;A02RG;Ripened cheese;12;
9;339;buche de chèvre;fromage de chèvre type buche;goat cheese;5;5;55;55;551;551;03;;;;;;;00;10;;;;00;;;;A030S#F19.A07PR;Cheese, buche de chevre, Plastic;A02LR;Milk and dairy products;A02QE;Cheese;A02RG;Ripened cheese;329;
9;352;cabécou au lait cru;fromage de chèvre type cabécou au lait cru;cheese, cabicou raw milk (aoc);5;5;55;55;551;551;03;;;17;;;;;99;;;;;;;;A02RZ#F25.A07VY$F26.A07XE$F28.A07KP;Cheese, chevre mould ripened, Made from raw or low heat-treated milk,Other,Chilling;A02LR;Milk and dairy products;A02QE;Cheese;A02RG;Ripened cheese;10;
9;2817;cabécou n.s.;fromage de chèvre type cabécou n.s.;cabecou n.s.;5;5;55;55;551;551;03;;;17;;;;;99;;;;;;;;A02RZ#F26.A07XE$F28.A07KP;Cheese, chevre mould ripened, Other,Chilling;A02LR;Milk and dairy products;A02QE;Cheese;A02RG;Ripened cheese;7;
9;2816;cabécou pasteurisé;fromage de chèvre type cabécou pasteurisé;cabecou pasteurized;5;5;55;55;551;551;03;;;17;;;;;05,21;;;;;;;;A02RZ#F19.A07PR$F19.A07PZ$F25.A07VX$F28.A07KP;Cheese, chevre mould ripened, Made from pasteurised milk,Plastic,Wood or cork,Chilling;A02LR;Milk and dairy products;A02QE;Cheese;A02RG;Ripened cheese;16;
9;5036;caciocavallo;;caciocavallo;5;5;55;55;554;554;02;;;;;;;;;;;;;;;;A02QE#F26.A07XE;Cheese, Other;A02LR;Milk and dairy products;A02QE;Cheese;;;1;
9;241;camembert de normandie;camembert au lait cru;camembert, normandie raw milk (aoc);5;5;55;55;551;551;02;;;;;;;;10;;;;;;;;A02RX#F19.A07PR$F25.A07VY;Cheese, camembert, Made from raw or low heat-treated milk,Plastic;A02LR;Milk and dairy products;A02QE;Cheese;A02RG;Ripened cheese;332;
9;239;camembert n.s.;;camembert n.s.;5;5;55;55;551;551;02;;;;;;;05;00;;;;00;;;;A02RX#F10.A077C;Cheese, camembert, Low fat (naturally or reduced);A02LR;Milk and dairy products;A02QE;Cheese;A02RG;Ripened cheese;172;
9;240;camembert pasteurisé;;camembert, pasteurized;5;5;55;55;551;551;02;;;08;;;;01;05;;;;01;;;;A02RX#F10.A077A$F10.A0CJK$F19.A07PR$F25.A07VX;Cheese, camembert, Made from pasteurised milk,Full fat,With added salt,Plastic;A02LR;Milk and dairy products;A02QE;Cheese;A02RG;Ripened cheese;612;
9;400;cancoillote;;cheese, cancoillote;5;5;55;55;555;555;02;;;;;;;;00;;;;;;;;A031C#F26.A07XE$F27.A02LV;Processed cheese, spreadable, Other,Cow milk;A02LR;Milk and dairy products;A02QE;Cheese;A031A;Processed cheese and spreads;10;
9;2251;cantadou;;cantadou;5;5;55;55;554;554;02;;;;;;;;05;;;;;;;;A02QF#F19.A07PR;Fresh uncured cheese, Plastic;A02LR;Milk and dairy products;A02QE;Cheese;A02QF;Fresh uncured cheese;4;
9;295;cantal au lait cru;;cantal raw milk (aoc);5;5;55;55;552;552;02;16;;;;;;;12;;;;;;;;A02TJ#F03.A06JB$F19.A07PL$F25.A07VY;Cheese, cantal, Dices / sticks,Made from raw or low heat-treated milk,Paper foil;A02LR;Milk and dairy products;A02QE;Cheese;A02RG;Ripened cheese;51;
9;2843;cantal n.s.;;cantal n.s.;5;5;55;55;552;552;02;16;;;;;;;99;;;;;;;;A02TJ#F03.A06JB;Cheese, cantal, Dices / sticks;A02LR;Milk and dairy products;A02QE;Cheese;A02RG;Ripened cheese;34;
9;2842;cantal pasteurisé;;cantal pasteurized;5;5;55;55;552;552;02;12;;08;;;;;05;;;;;;;;A02TJ#F19.A07PR$F25.A07VX$F28.A07KZ;Cheese, cantal, Made from pasteurised milk,Plastic,Grating;A02LR;Milk and dairy products;A02QE;Cheese;A02RG;Ripened cheese;18;
9;264;carré bridel;;le carre bridel;5;5;55;55;551;551;02;;;;;;;;11;;;;;;;;A02RT#F19.A07PH$F27.A02LV;Soft-ripened cheese with bloomy rind (white mould) (brie, camembert type), Aluminium,Cow milk;A02LR;Milk and dairy products;A02QE;Cheese;A02RG;Ripened cheese;8;
9;631;carré de bretagne;;cheese, carre de bretagne;5;5;55;55;551;551;02;;;;;;;;12;;;;;;;;A02RT#F19.A07PL$F27.A02LV;Soft-ripened cheese with bloomy rind (white mould) (brie, camembert type), Paper foil,Cow milk;A02LR;Milk and dairy products;A02QE;Cheese;A02RG;Ripened cheese;1;
9;243;carré de l'est;;cheese, carre de l'est;5;5;55;55;551;551;02;;;;;;;;00;;;;;;;;A02RT#F26.A07XE$F27.A02LV;Soft-ripened cheese with bloomy rind (white mould) (brie, camembert type), Other,Cow milk;A02LR;Milk and dairy products;A02QE;Cheese;A02RG;Ripened cheese;5;
9;401;carré frais type elle et vire;;cheese, carre frais like elle et vire;5;5;55;55;554;554;02;;;;;;;01;11;;;;;;;;A02QZ#F10.A077A$F19.A07PH;Cream cheese, Full fat,Aluminium;A02LR;Milk and dairy products;A02QE;Cheese;A02QF;Fresh uncured cheese;28;
9;340;chabichou du poitou;fromage de chèvre type chabichou du poitou;cheese, chabichou du poitou raw milk (aoc);5;5;55;55;551;551;03;;;;;;;;99;;;;;;;;A02RZ#F25.A07VY$F26.A07XE;Cheese, chevre mould ripened, Made from raw or low heat-treated milk,Other;A02LR;Milk and dairy products;A02QE;Cheese;A02RG;Ripened cheese;5;
9;2409;chamois d'or;;cheese chamois d’or;5;5;55;55;551;551;02;;;;;;;01;05;;;;;;;;A02RT#F10.A077A$F19.A07PR$F26.A07XE$F27.A02LV;Soft-ripened cheese with bloomy rind (white mould) (brie, camembert type), Other,Full fat,Plastic,Cow milk;A02LR;Milk and dairy products;A02QE;Cheese;A02RG;Ripened cheese;2;
9;244;chaource au lait cru;;chaource raw milk (aoc);5;5;55;55;551;551;02;;;;;;;;12;;;;;;;;A02RY#F19.A07PL$F25.A07VY;Cheese, chaource, Made from raw or low heat-treated milk,Paper foil;A02LR;Milk and dairy products;A02QE;Cheese;A02RG;Ripened cheese;9;
9;2889;chaource n.s.;;chaource n.s.;5;5;55;55;551;551;02;;;;;;;;00;;;;;;;;A02RY;Cheese, chaource;A02LR;Milk and dairy products;A02QE;Cheese;A02RG;Ripened cheese;4;
9;2888;chaource pasteurisé;;chaource pasteurized;5;5;55;55;551;551;02;;;08;;;;;05;;;;;;;;A02RY#F19.A07PR$F25.A07VX;Cheese, chaource, Made from pasteurised milk,Plastic;A02LR;Milk and dairy products;A02QE;Cheese;A02RG;Ripened cheese;3;
9;245;charolais frais;fromage de chèvre type charolais frais;cheese, charollais frais raw milk (aoc);5;5;55;55;551;551;03;;;;;;;;05;;;;;;;;A02RZ#F19.A07PR$F25.A07VY$F26.A07XE;Cheese, chevre mould ripened, Made from raw or low heat-treated milk,Other,Plastic;A02LR;Milk and dairy products;A02QE;Cheese;A02RG;Ripened cheese;11;
9;5207;chartreux;;chartreux;5;5;55;55;552;552;02;;;;;;;;;;;;;;;;A02SV#F25.A07VY$F27.A02LV;Firm/semi-hard cheese (gouda and edam type), Made from raw or low heat-treated milk,Cow milk;A02LR;Milk and dairy products;A02QE;Cheese;A02RG;Ripened cheese;1;
9;246;chaumes;;chaumes;5;5;55;55;551;551;02;;;;;;;;05;;;;;;;;A02RJ#F19.A07PR$F26.A07XE$F27.A02LV;Soft-ripened washed-rind cheese (limburger type), Other,Plastic,Cow milk;A02LR;Milk and dairy products;A02QE;Cheese;A02RG;Ripened cheese;10;
9;247;chaussée aux moines;;chaussee aux moines;5;5;55;55;552;552;02;;;;;;;;12;;;;;;;;A02YE#F19.A07PL$F27.A02LV;Hard cheese (cheddar, emmental type), Paper foil,Cow milk;A02LR;Milk and dairy products;A02QE;Cheese;A02RG;Ripened cheese;66;
9;296;cheddar;;cheddar;5;5;55;55;552;552;02;16;;;;;;;00;;;;;;;;A02YK#F03.A06JB;Cheese, cheddar, Dices / sticks;A02LR;Milk and dairy products;A02QE;Cheese;A02RG;Ripened cheese;22;
9;2910;chevrotin;fromage de chèvre type chevrotin;chevrotin raw milk (aoc);5;5;55;55;552;552;03;;;;;;;;99;;;;;;;;A030P#F25.A07VY$F26.A07XE$F27.A02MB;Firm-ripened bloomy (white mould) or washed rind cheese, Made from raw or low heat-treated milk,Other,Goat milk;A02LR;Milk and dairy products;A02QE;Cheese;A02RG;Ripened cheese;10;
9;344;chèvre cendré;fromage de chèvre type cendré;goat cheese with ash;5;5;55;55;551;551;03;;;;;;;;05;;;;;;;;A02RZ#F19.A07PR$F26.A07XE;Cheese, chevre mould ripened, Other,Plastic;A02LR;Milk and dairy products;A02QE;Cheese;A02RG;Ripened cheese;20;
9;2909;chèvre pané;;cheese, goat, breaded;5;5;55;55;550;550;03;;;;;;;;05,10;;;;;;;;A030S#F03.A06JA$F19.A07PR$F28.A07HK;Cheese, buche de chevre, Slices, steaks or other flat cuts,Plastic,Breading;A02LR;Milk and dairy products;A02QE;Cheese;A02RG;Ripened cheese;2;
9;325;comté;;comte raw milk (aoc);5;5;55;55;552;552;02;12;;;;;;;05,12;;;;;;;;A02ZM#F19.A07PR$F19.A07PL$F25.A07VY$F28.A07KZ;Cheese, comte, Made from raw or low heat-treated milk,Plastic,Paper foil,Grating;A02LR;Milk and dairy products;A02QE;Cheese;A02RG;Ripened cheese;646;
9;249;coulommiers au lait cru;;coulommiers raw milk;5;5;55;55;551;551;02;;;;;;;;12;;;;;;;;A02SA#F19.A07PL$F25.A07VY;Cheese, coulommiers, Made from raw or low heat-treated milk,Paper foil;A02LR;Milk and dairy products;A02QE;Cheese;A02RG;Ripened cheese;23;
9;2983;coulommiers n.s.;;coulommiers n.s.;5;5;55;55;551;551;02;;;;;;;00;12;;;;01;;;;A02SA#F10.A0CJK$F19.A07PL;Cheese, coulommiers, With added salt,Paper foil;A02LR;Milk and dairy products;A02QE;Cheese;A02RG;Ripened cheese;23;
9;2982;coulommiers pasteurisé;;coulommiers pasteurized;5;5;55;55;551;551;02;;;08;;;;01;12,21;;;;01;;;;A02SA#F10.A077A$F10.A0CJK$F19.A07PL$F19.A07PZ$F25.A07VX;Cheese, coulommiers, Made from pasteurised milk,Full fat,With added salt,Paper foil,Wood or cork;A02LR;Milk and dairy products;A02QE;Cheese;A02RG;Ripened cheese;125;
9;444;cousteron;;cheese, cousteron;5;5;55;55;552;552;02;;;;;;;;05;;;;;;;;A02SV#F19.A07PR$F27.A02LV;Firm/semi-hard cheese (gouda and edam type), Plastic,Cow milk;A02LR;Milk and dairy products;A02QE;Cheese;A02RG;Ripened cheese;2;
9;5037;crottin de brebis;;cheese, crottin de brebis;5;5;55;55;551;551;15;;;17;;;;;;;;;;;;;A02RT#F27.A02MC$F28.A07KP;Soft-ripened cheese with bloomy rind (white mould) (brie, camembert type), Sheep milk,Chilling;A02LR;Milk and dairy products;A02QE;Cheese;A02RG;Ripened cheese;1;
9;346;crottin de chavignol;fromage de chèvre type crottin de chavignol;crottin de chavignol raw milk (aoc);5;5;55;55;551;551;03;;;17;;;;;99;;;;;;;;A02RZ#F25.A07VY$F26.A07XE$F28.A07KP;Cheese, chevre mould ripened, Made from raw or low heat-treated milk,Other,Chilling;A02LR;Milk and dairy products;A02QE;Cheese;A02RG;Ripened cheese;26;
9;348;crottin de chèvre du berry;fromage de chèvre type crottin du berry;crottin du berry;5;5;55;55;551;551;03;;;17;;;;;99;;;;;;;;A02RZ#F26.A07XE$F28.A07KP;Cheese, chevre mould ripened, Other,Chilling;A02LR;Milk and dairy products;A02QE;Cheese;A02RG;Ripened cheese;2;
9;347;crottin de chèvre frais;fromage de chèvre type crottin frais;crottin frais;5;5;55;55;551;551;03;;;00;;;;;00;;;;;;;;A02QQ#F26.A07XE;Cheese, chevre frais, Other;A02LR;Milk and dairy products;A02QE;Cheese;A02QF;Fresh uncured cheese;37;
9;1901;crottin de chèvre n.s.;fromage de chèvre type crottin n.s.;crottin goat n.s.;5;5;55;55;551;551;03;;;99;;;;;99;;;;;;;;A02RZ#F10.A166Y;Cheese, chevre mould ripened, Fresh;A02LR;Milk and dairy products;A02QE;Cheese;A02RG;Ripened cheese;45;
9;381;crème de maroilles;;creme de maroilles;5;5;55;55;555;555;02;;;;;;;;05;;;;;;;;A031C#F19.A07PR$F26.A07XE;Processed cheese, spreadable, Other,Plastic;A02LR;Milk and dairy products;A02QE;Cheese;A031A;Processed cheese and spreads;2;
9;426;crème de roquefort;;creme de roquefort;5;5;55;55;555;555;15;;;;;;;01;05;;;;;;;;A031C#F10.A077A$F19.A07PR$F26.A07XE;Processed cheese, spreadable, Other,Full fat,Plastic;A02LR;Milk and dairy products;A02QE;Cheese;A031A;Processed cheese and spreads;10;
9;382;cube apéritif type apéricube;apéricube;processed cheese cubes like apericube;5;5;55;55;555;555;02;;;;;;;;05;;;;;;;;A031D#F19.A07PR;Processed cheese wedges and similar, Plastic;A02LR;Milk and dairy products;A02QE;Cheese;A031A;Processed cheese and spreads;3;
9;297;edam;;edam;5;5;55;55;552;552;02;16;;;;;;;99;;;;;;;;A02TV#F03.A06JB;Cheese, edam, Dices / sticks;A02LR;Milk and dairy products;A02QE;Cheese;A02RG;Ripened cheese;25;
9;298;emmental au lait cru;;emmental raw milk;5;5;55;55;552;552;02;12;;;;;;;10;;;;;;;;A02YM#F19.A07PR$F25.A07VY$F28.A07KZ;Cheese, emmental, Made from raw or low heat-treated milk,Plastic,Grating;A02LR;Milk and dairy products;A02QE;Cheese;A02RG;Ripened cheese;69;
9;3078;emmental n.s.;;emmental n.s.;5;5;55;55;552;552;02;16;;;;;;01;00;;;;01;;;;A02YM#F03.A06JB$F10.A077A$F10.A0CJK;Cheese, emmental, Dices / sticks,Full fat,With added salt;A02LR;Milk and dairy products;A02QE;Cheese;A02RG;Ripened cheese;274;
9;3077;emmental pasteurisé;;emmental pasteurized;5;5;55;55;552;552;02;12;;08;;;;01;05;;;;01;;;;A02YM#F10.A077A$F10.A0CJK$F19.A07PR$F25.A07VX$F28.A07KZ;Cheese, emmental, Made from pasteurised milk,Full fat,With added salt,Plastic,Grating;A02LR;Milk and dairy products;A02QE;Cheese;A02RG;Ripened cheese;650;
9;2137;etorki;;etorki;5;5;55;55;552;552;15;;;;;;;;05;;;;;;;;A02SV#F19.A07PR$F27.A02MC;Firm/semi-hard cheese (gouda and edam type), Plastic,Sheep milk;A02LR;Milk and dairy products;A02QE;Cheese;A02RG;Ripened cheese;34;
9;326;fol épi;;fol epi;5;5;55;55;552;552;02;16;;;;;;01;05;;;;;;;;A02YE#F03.A06JB$F10.A077A$F19.A07PR$F27.A02LV;Hard cheese (cheddar, emmental type), Dices / sticks,Full fat,Plastic,Cow milk;A02LR;Milk and dairy products;A02QE;Cheese;A02RG;Ripened cheese;3;
9;5038;fondant du pays de caux;;cheese, fondant du pays de caux;5;5;55;55;552;552;02;;;;;;;;;;;;;;;;A02SV#F25.A07VY$F27.A02LV;Firm/semi-hard cheese (gouda and edam type), Made from raw or low heat-treated milk,Cow milk;A02LR;Milk and dairy products;A02QE;Cheese;A02RG;Ripened cheese;1;
9;4187;fondue savoyarde;;savoyarde fondue;5;5;55;55;550;550;;;;;;35,E5,E7;;;05;06;;;;;;;A04NX#F04.A03MV$F04.A02QE$F04.A02ZM$F04.A02YM$F19.A07PR$F22.A07SH$F28.A0C0H;Other processed cheese, Food industry prepared,Wine, white,Cheese,Cheese, comte,Cheese, emmental,Plastic,Melting;A02LR;Milk and dairy products;A02QE;Cheese;A031A;Processed cheese and spreads;15;
9;376;fourme d'ambert au lait cru;;fourme d'ambert raw milk (aoc);5;5;55;55;553;553;02;;;;;;;;05;;;;;;;;A030F#F19.A07PR$F25.A07VY;Cheese, fourme d'ambert, Made from raw or low heat-treated milk,Plastic;A02LR;Milk and dairy products;A02QE;Cheese;A02RG;Ripened cheese;5;
9;3111;fourme d'ambert n.s.;;fourme d'ambert n.s.;5;5;55;55;553;553;02;;;;;;;;00;;;;;;;;A030F;Cheese, fourme d'ambert;A02LR;Milk and dairy products;A02QE;Cheese;A02RG;Ripened cheese;6;
9;3110;fourme d'ambert pasteurisée;;fourme d'ambert pasteurized;5;5;55;55;553;553;02;;;08;;;;;05;;;;;;;;A030F#F19.A07PR$F25.A07VX;Cheese, fourme d'ambert, Made from pasteurised milk,Plastic;A02LR;Milk and dairy products;A02QE;Cheese;A02RG;Ripened cheese;14;
9;3127;fromage de lactosérum n.s.;;lactoserum cheese n.s.;5;5;55;55;554;554;;;;;;;;;05;;;;;;;;A02QF#F19.A07PR;Fresh uncured cheese, Plastic;A02LR;Milk and dairy products;A02QE;Cheese;A02QF;Fresh uncured cheese;1;
9;242;fromage double crème type caprice des dieux;caprice des dieux;cheese double cream like caprice des dieux;5;5;55;55;551;551;02;;;;;;;;05;;;;;;;;A02RT#F10.A077E$F19.A07PR$F27.A02LV;Soft-ripened cheese with bloomy rind (white mould) (brie, camembert type), Double cream,Plastic,Cow milk;A02LR;Milk and dairy products;A02QE;Cheese;A02RG;Ripened cheese;153;
9;380;fromage fondu n.s.;;processed cheese n.s.;5;5;55;55;555;555;;;;;;;;00;00;;;;;;;;A031A;Processed cheese and spreads;A02LR;Milk and dairy products;A02QE;Cheese;A031A;Processed cheese and spreads;10;
9;3130;fromage fondu type babybel jaune;babybel jaune;processed cheese like babybel jaune;5;5;55;55;555;555;02;;;;;;;01;22;;;;;;;;A02SV#F10.A077A$F19.A07PY$F26.A07XE$F27.A02LV;Firm/semi-hard cheese (gouda and edam type), Other,Full fat,Wax,Cow milk;A02LR;Milk and dairy products;A02QE;Cheese;A02RG;Ripened cheese;2;
9;4197;fromage fondu type babybel n.s.;babybel n.s.;processed cheese like babybel n.s.;5;5;55;55;555;555;02;;;;;;;01;22;;;;;;;;A02SV#F10.A077A$F19.A07PY;Firm/semi-hard cheese (gouda and edam type), Full fat,Wax;A02LR;Milk and dairy products;A02QE;Cheese;A02RG;Ripened cheese;2;
9;4196;fromage fondu type babybel orange;babybel orange;processed cheese like babybel orange;5;5;55;55;555;555;02;;;;;;;01;05;;;;;;;;A02SV#F10.A077A$F19.A07PR$F26.A07XE$F27.A02LV;Firm/semi-hard cheese (gouda and edam type), Other,Full fat,Plastic,Cow milk;A02LR;Milk and dairy products;A02QE;Cheese;A02RG;Ripened cheese;2;
9;293;fromage fondu type babybel rouge;babybel rouge;processed cheese like babybel rouge;5;5;55;55;555;555;02;;;;;;;00;22;;;;;;;;A02SV#F19.A07PY$F26.A07XE$F27.A02LV;Firm/semi-hard cheese (gouda and edam type), Other,Wax,Cow milk;A02LR;Milk and dairy products;A02QE;Cheese;A02RG;Ripened cheese;104;
9;3131;fromage fondu type babybel vert;babybel vert;processed  cheese like babybel vert;5;5;55;55;555;555;02,03;;;;;;;01;05;;;;;;;;A02SV#F10.A077A$F19.A07PR$F27.A02LV$F27.A02MB;Firm/semi-hard cheese (gouda and edam type), Full fat,Plastic,Cow milk,Goat milk;A02LR;Milk and dairy products;A02QE;Cheese;A02RG;Ripened cheese;4;
9;294;fromage fondu type bonbel;bonbel;processed cheese like bonbel;5;5;55;55;555;555;02;;;;;;;;05;;;;;;;;A02SV#F19.A07PR$F26.A07XE$F27.A02LV;Firm/semi-hard cheese (gouda and edam type), Other,Plastic,Cow milk;A02LR;Milk and dairy products;A02QE;Cheese;A02RG;Ripened cheese;1;
9;383;fromage fondu type kiri;kiri, samos;processed cheese like kiri;5;5;55;55;555;555;02;;;;;;;;05,11;;;;;;;;A031D#F19.A07PR$F19.A07PH;Processed cheese wedges and similar, Plastic,Aluminium;A02LR;Milk and dairy products;A02QE;Cheese;A031A;Processed cheese and spreads;39;
9;390;fromage fondu type vache qui rit;vache qui rit;processed cheese like vache-qui-rit;5;5;55;55;555;555;02;;;;;;;01;12;;;;;;;;A031D#F10.A077A$F19.A07PL;Processed cheese wedges and similar, Full fat,Paper foil;A02LR;Milk and dairy products;A02QE;Cheese;A031A;Processed cheese and spreads;298;
9;3125;fromage frais n.s.;;cheese, fresh n.s.;5;5;55;55;554;554;03;;;17;;;;01;12;;;;01;;;;A02QF#F10.A077A$F10.A0CJK$F19.A07PL$F27.A02MB$F28.A07KP;Fresh uncured cheese, Full fat,With added salt,Paper foil,Goat milk,Chilling;A02LR;Milk and dairy products;A02QE;Cheese;A02QF;Fresh uncured cheese;71;
9;2406;fromage frais type boursin;rambol aux noix, tartare (fromage frais), boursin, rondelé, roulé (fromage frais);cheese fresh for spread flavoured like boursin;5;5;55;55;554;554;02;;;;;;;01;11;;;;;;;;A02QZ#F10.A077A$F19.A07PH;Cream cheese, Full fat,Aluminium;A02LR;Milk and dairy products;A02QE;Cheese;A02QF;Fresh uncured cheese;294;
9;341;fromage frais type chavroux;chavroux, fromage de chèvre type chavroux;cheese, chavroux normal;5;5;55;55;554;554;03;;;;;;;;12;;;;;;;;A02QQ#F19.A07PL;Cheese, chevre frais, Paper foil;A02LR;Milk and dairy products;A02QE;Cheese;A02QF;Fresh uncured cheese;45;
9;411;fromage frais type saint môret;saint môret;saint moret;5;5;55;55;554;554;02;;;;;;;01;05;;;;;;;;A02QZ#F10.A077A$F19.A07PR;Cream cheese, Full fat,Plastic;A02LR;Milk and dairy products;A02QE;Cheese;A02QF;Fresh uncured cheese;176;
9;355;fromage mi sec n.s.;;cheese, semi-dry n.s.;5;5;55;55;551;551;02;;;;;;;01;99;;;;01;;;;A02RH#F10.A077A$F10.A0CJK$F27.A02LV$F28.A07KL;Soft - ripened cheese, Full fat,With added salt,Cow milk,Semi-drying (e.g. Fruits);A02LR;Milk and dairy products;A02QE;Cheese;A02RG;Ripened cheese;2;
9;226;fromage n.s.;;cheese n.s.;5;5;55;55;550;550;00;16;;00;;;;00;00;;;;01;;;;A02QE#F03.A06JB$F10.A0CJK;Cheese, Dices / sticks,With added salt;A02LR;Milk and dairy products;A02QE;Cheese;;;130;
9;356;fromage sec n.s.;;cheese, dry n.s.;5;5;55;55;551;551;02;;;;;;;01;99;;;;01;;;;A02RH#F10.A077A$F10.A0CJK$F27.A02LV$F28.A07KG;Soft - ripened cheese, Full fat,With added salt,Cow milk,Drying (dehydration);A02LR;Milk and dairy products;A02QE;Cheese;A02RG;Ripened cheese;12;
9;4198;fromage à effilocher type ficello;ficello (fromage);string cheese like ficello;5;5;55;55;555;555;02;;;;;;;;05;;;;;;;;A02SV#F03.A06JB$F19.A07PR;Firm/semi-hard cheese (gouda and edam type), Dices / sticks,Plastic;A02LR;Milk and dairy products;A02QE;Cheese;A02RG;Ripened cheese;41;
9;227;fromage à pâte molle n.s.;;cheese pate molle n.s.;5;5;55;55;551;551;02;;;;;;;01;99;;;;01;;;;A02RH#F10.A077A$F10.A0CJK$F27.A02LV;Soft - ripened cheese, Full fat,With added salt,Cow milk;A02LR;Milk and dairy products;A02QE;Cheese;A02RG;Ripened cheese;216;
9;361;fromage à pâte persillée n.s.;bleu n.s.;cheese, blue n.s.;5;5;55;55;553;553;02;;;;;;;01;10;;;;01;;;;A02QE#F10.A077A$F10.A0CJK$F19.A07PR$F26.A07XE$F27.A02LV;Cheese, Other,Full fat,With added salt,Plastic,Cow milk;A02LR;Milk and dairy products;A02QE;Cheese;;;18;
9;321;fromage à pâte pressée cuite n.s.;;cheese, pate cuite n.s.;5;5;55;55;552;552;02;12;;;;;;00;00;;;;00;;;;A02ZH#F27.A02LV$F28.A07KZ;Extra hard cheese (parmesan, grana type), Cow milk,Grating;A02LR;Milk and dairy products;A02QE;Cheese;A02RG;Ripened cheese;23;
9;3122;fromage à pâte pressée n.s.;;cheese, pate pressee n.s.;5;5;55;55;552;552;02;16;;;;;;01;10;;;;00;;;;A02ST#F03.A06JB$F10.A077A$F19.A07PR$F27.A02LV;Firm - ripened cheeses, Dices / sticks,Full fat,Plastic,Cow milk;A02LR;Milk and dairy products;A02QE;Cheese;A02RG;Ripened cheese;19;
9;292;fromage à pâte pressée non cuite n.s.;;cheese, pate pressee non cuite n.s.;5;5;55;55;552;552;02;;;;;;;01;99;;;;;;;;A02SV#F10.A077A$F27.A02LV;Firm/semi-hard cheese (gouda and edam type), Full fat,Cow milk;A02LR;Milk and dairy products;A02QE;Cheese;A02RG;Ripened cheese;11;
9;406;fromage à tartiner n.s.;;cheese, spread n.s.;5;5;55;55;555;555;;;;;;;;01;05;;;;;;;;A031C#F10.A077A$F19.A07PR;Processed cheese, spreadable, Full fat,Plastic;A02LR;Milk and dairy products;A02QE;Cheese;A031A;Processed cheese and spreads;73;
9;415;fromage à tartiner type p'tit louis;p'tit louis;cheese, spread like p’tit louis;5;5;55;55;555;555;02;;;;;;;;;;;;;;;;A02QZ;Cream cheese;A02LR;Milk and dairy products;A02QE;Cheese;A02QF;Fresh uncured cheese;34;
9;354;féta;;cheese, feta;5;5;55;55;554;554;;;;17;;;;01;10;;;;01;;;;A02RC#F10.A077A$F10.A0CJK$F19.A07PR$F28.A07KP;Cheese, feta, Full fat,With added salt,Plastic,Chilling;A02LR;Milk and dairy products;A02QE;Cheese;A02RA;Brined cheese (feta-type and similar);62;
9;255;gaperon au lait cru;;cheese, gaperon d'auvergne raw milk;5;5;55;55;551;551;02;;;;;;;;99;;;;;;;;A02RT#F25.A07VY$F26.A07XE$F27.A02LV;Soft-ripened cheese with bloomy rind (white mould) (brie, camembert type), Made from raw or low heat-treated milk,Other,Cow milk;A02LR;Milk and dairy products;A02QE;Cheese;A02RG;Ripened cheese;2;
9;3155;gaperon n.s.;;gaperon n.s.;5;5;55;55;551;551;02;;;;;;;;99;;;;;;;;A02RT#F26.A07XE$F27.A02LV;Soft-ripened cheese with bloomy rind (white mould) (brie, camembert type), Other,Cow milk;A02LR;Milk and dairy products;A02QE;Cheese;A02RG;Ripened cheese;1;
9;377;gorgonzola;;gorgonzola;5;5;55;55;553;553;02;;;;;;;;05,10;;;;;;;;A030H#F19.A07PR;Cheese, gorgonzola, Plastic;A02LR;Milk and dairy products;A02QE;Cheese;A02RG;Ripened cheese;20;
9;299;gouda;;gouda;5;5;55;55;552;552;02;16;;;;;;;05;;;;;;;;A02VA#F03.A06JB$F19.A07PR;Cheese, gouda, Dices / sticks,Plastic;A02LR;Milk and dairy products;A02QE;Cheese;A02RG;Ripened cheese;155;
9;3205;gruyère français;;gruyere, french raw milk (aoc);5;5;55;55;552;552;02;16;;;;;;;05;;;;;;;;A02YP#F03.A06JB$F19.A07PR$F25.A07VY;Cheese, gruyere, Dices / sticks,Made from raw or low heat-treated milk,Plastic;A02LR;Milk and dairy products;A02QE;Cheese;A02RG;Ripened cheese;441;
9;3206;gruyère n.s.;;gruyere n.s.;5;5;55;55;552;552;02;16;;;;;;00;00;;;;;;;;A02YP#F03.A06JB;Cheese, gruyere, Dices / sticks;A02LR;Milk and dairy products;A02QE;Cheese;A02RG;Ripened cheese;221;
9;328;gruyère suisse;;gruyere, swiss raw milk (aoc);5;5;55;55;552;552;02;16;;;;;;;00;;;;;;;;A02YP#F03.A06JB$F25.A07VY;Cheese, gruyere, Dices / sticks,Made from raw or low heat-treated milk;A02LR;Milk and dairy products;A02QE;Cheese;A02RG;Ripened cheese;31;
9;3264;laguiole;;laguiole raw milk (aoc);5;5;55;55;552;552;02;;;;;;;;99;;;;;;;;A02SV#F25.A07VY$F26.A07XE$F27.A02LV;Firm/semi-hard cheese (gouda and edam type), Made from raw or low heat-treated milk,Other,Cow milk;A02LR;Milk and dairy products;A02QE;Cheese;A02RG;Ripened cheese;2;
9;4189;langres n.s.;;cheese, langres n.s.;5;5;55;55;551;551;02;;;;;;;;05;;;;;;;;A02RJ#F19.A07PR;Soft-ripened washed-rind cheese (limburger type), Plastic;A02LR;Milk and dairy products;A02QE;Cheese;A02RG;Ripened cheese;2;
9;302;leerdammer;;leerdammer;5;5;55;55;552;552;02;;;;;;;01;05;;;;;;;;A02YE#F10.A077A$F19.A07PR$F27.A02LV;Hard cheese (cheddar, emmental type), Full fat,Plastic,Cow milk;A02LR;Milk and dairy products;A02QE;Cheese;A02RG;Ripened cheese;76;
9;262;livarot au lait cru;;cheese, livarot raw milk (aoc);5;5;55;55;551;551;02;;;;;;;;12;;;;;;;;A030V#F19.A07PL$F25.A07VY;Cheese, livarot, Made from raw or low heat-treated milk,Paper foil;A02LR;Milk and dairy products;A02QE;Cheese;A02RG;Ripened cheese;4;
9;3339;livarot n.s.;;livarot n.s.;5;5;55;55;551;551;02;;;;;;;;12;;;;;;;;A030V#F19.A07PL;Cheese, livarot, Paper foil;A02LR;Milk and dairy products;A02QE;Cheese;A02RG;Ripened cheese;2;
9;3338;livarot pasteurisé;;livarot pasteurized;5;5;55;55;551;551;02;;;08;;;;;99;;;;;;;;A030V#F25.A07VX;Cheese, livarot, Made from pasteurised milk;A02LR;Milk and dairy products;A02QE;Cheese;A02RG;Ripened cheese;2;
9;2407;maasdam;;maasdam;5;5;55;55;552;552;02;16;;;;;;;12;;;;;;;;A02VN#F03.A06JB$F19.A07PL;Cheese, maasdam, Dices / sticks,Paper foil;A02LR;Milk and dairy products;A02QE;Cheese;A02RG;Ripened cheese;18;
9;5039;mamirolle;;cheese, mamirolle;5;5;55;55;552;552;02;;;;;;;;12;;;;;;;;A02RJ#F19.A07PL$F25.A07VX$F27.A02LV;Soft-ripened washed-rind cheese (limburger type), Made from pasteurised milk,Paper foil,Cow milk;A02LR;Milk and dairy products;A02QE;Cheese;A02RG;Ripened cheese;2;
9;5040;manchego;;cheese, manchego;5;5;55;55;554;554;15;;;;;;;;05;;;;;;;;A02ZR#F19.A07PR;Cheese, manchego, Plastic;A02LR;Milk and dairy products;A02QE;Cheese;A02RG;Ripened cheese;2;
9;265;maroilles au lait cru;;maroilles raw milk (aoc);5;5;55;55;551;551;02;;;;;;;;12;;;;;;;;A02RJ#F19.A07PL$F25.A07VY$F26.A07XE$F27.A02LV;Soft-ripened washed-rind cheese (limburger type), Made from raw or low heat-treated milk,Other,Paper foil,Cow milk;A02LR;Milk and dairy products;A02QE;Cheese;A02RG;Ripened cheese;15;
9;3363;maroilles n.s.;;maroilles n.s.;5;5;55;55;551;551;02;;;;;;;;05;;;;;;;;A02RJ#F19.A07PR;Soft-ripened washed-rind cheese (limburger type), Plastic;A02LR;Milk and dairy products;A02QE;Cheese;A02RG;Ripened cheese;5;
9;3362;maroilles pasteurisé;;maroilles pasteurized;5;5;55;55;551;551;02;;;08;;;;;12;;;;;;;;A02RJ#F19.A07PL$F25.A07VX$F26.A07XE$F27.A02LV;Soft-ripened washed-rind cheese (limburger type), Made from pasteurised milk,Other,Paper foil,Cow milk;A02LR;Milk and dairy products;A02QE;Cheese;A02RG;Ripened cheese;9;
9;3371;mascarpone;;mascarpone;5;5;55;55;554;554;;;;;;;;01;;;;;;;;;A02QH#F10.A077A;Mascarpone, Full fat;A02LR;Milk and dairy products;A02QE;Cheese;A02QF;Fresh uncured cheese;16;
9;2167;merzer;;cheese, merzer;5;5;55;55;552;552;02;;;;;;;;12;;;;;;;;A02SV#F10.A0CRG$F10.A077C$F19.A07PL$F27.A02LV;Firm/semi-hard cheese (gouda and edam type), Light,Low fat (naturally or reduced),Paper foil,Cow milk;A02LR;Milk and dairy products;A02QE;Cheese;A02RG;Ripened cheese;5;
9;303;mimolette;;mimolette;5;5;55;55;552;552;02;16;;;;;;;05;;;;;;;;A02VQ#F03.A06JB$F19.A07PR;Cheese, mimolette, Dices / sticks,Plastic;A02LR;Milk and dairy products;A02QE;Cheese;A02RG;Ripened cheese;65;
9;304;morbier au lait cru;;morbier raw milk (aoc);5;5;55;55;552;552;02;;;;;;;;05;;;;;;;;A02VR#F19.A07PR$F25.A07VY;Cheese, morbier, Made from raw or low heat-treated milk,Plastic;A02LR;Milk and dairy products;A02QE;Cheese;A02RG;Ripened cheese;56;
9;3425;morbier n.s.;;morbier n.s.;5;5;55;55;552;552;02;;;;;;;;10;;;;;;;;A02VR#F19.A07PR;Cheese, morbier, Plastic;A02LR;Milk and dairy products;A02QE;Cheese;A02RG;Ripened cheese;22;
9;3424;morbier pasteurisé;;morbier pasteurized;5;5;55;55;552;552;02;;;08;;;;;12,10;;;;;;;;A02VR#F19.A07PL$F19.A07PR$F25.A07VX;Cheese, morbier, Made from pasteurised milk,Paper foil,Plastic;A02LR;Milk and dairy products;A02QE;Cheese;A02RG;Ripened cheese;12;
9;267;mottin charentais;;cheese, mottin charentais;5;5;55;55;551;551;02;;;;;;;;12;;;;;;;;A02RT#F19.A07PL$F26.A07XE$F27.A02LV;Soft-ripened cheese with bloomy rind (white mould) (brie, camembert type), Other,Paper foil,Cow milk;A02LR;Milk and dairy products;A02QE;Cheese;A02RG;Ripened cheese;4;
9;329;mozzarella;;mozzarella;5;5;55;55;554;554;15;;;;;;;01;05;;;;;;;;A02QJ#F10.A077A$F19.A07PR$F27.A02MC;Mozzarella, Full fat,Plastic,Sheep milk;A02LR;Milk and dairy products;A02QE;Cheese;A02QF;Fresh uncured cheese;134;
9;268;munster au lait cru;;munster raw milk (aoc);5;5;55;55;551;551;02;;;;;;;;99;;;;;;;;A02RN#F25.A07VY;Cheese, munster, Made from raw or low heat-treated milk;A02LR;Milk and dairy products;A02QE;Cheese;A02RG;Ripened cheese;15;
9;3434;munster n.s.;;munster n.s.;5;5;55;55;551;551;02;;;;;;;;05;;;;;;;;A02RN#F19.A07PR;Cheese, munster, Plastic;A02LR;Milk and dairy products;A02QE;Cheese;A02RG;Ripened cheese;6;
9;270;munster pasteurisé;;munster pasteurized;5;5;55;55;551;551;02;;;08;;;;;99;;;;;;;;A02RN#F25.A07VX;Cheese, munster, Made from pasteurised milk;A02LR;Milk and dairy products;A02QE;Cheese;A02RG;Ripened cheese;20;
9;271;neufchatel au lait cru;coeur de neufchatel au lait cru, coeur de bray au lait cru;neufchatel, raw milk (aoc);5;5;55;55;551;551;02;;;;;;;;12;;;;;;;;A02RT#F19.A07PL$F25.A07VY$F26.A07XE$F27.A02LV;Soft-ripened cheese with bloomy rind (white mould) (brie, camembert type), Made from raw or low heat-treated milk,Other,Paper foil,Cow milk;A02LR;Milk and dairy products;A02QE;Cheese;A02RG;Ripened cheese;12;
9;3451;neufchatel pasteurisé;coeur de bray pasteurisé, coeur de neufchatel pasteurisé;neufchatel pasteurized;5;5;55;55;551;551;02;;;08;;;;;12;;;;;;;;A02RT#F19.A07PL$F25.A07VX$F26.A07XE$F27.A02LV;Soft-ripened cheese with bloomy rind (white mould) (brie, camembert type), Made from pasteurised milk,Other,Paper foil,Cow milk;A02LR;Milk and dairy products;A02QE;Cheese;A02RG;Ripened cheese;4;
9;3485;ossau iraty;fromage de brebis type ossau iraty;ossau-iraty raw milk (aoc);5;5;55;55;552;552;15;;;;;;;;99;;;;;;;;A02VZ#F25.A07VY;Cheese, ossau-iraty, Made from raw or low heat-treated milk;A02LR;Milk and dairy products;A02QE;Cheese;A02RG;Ripened cheese;94;
9;330;parmesan;;parmesan raw milk;5;5;55;55;552;552;02;00;;;;;;;00;;;;;;;;A02ZS#F25.A07VY;Cheese, parmigiano reggiano, Made from raw or low heat-treated milk;A02LR;Milk and dairy products;A02QE;Cheese;A02RG;Ripened cheese;198;
9;272;pavé d'affinois;;cheese, pave d'affinois;5;5;55;55;551;551;02;;;;;;;00;12;;;;;;;;A02RT#F19.A07PL$F26.A07XE$F27.A02MC;Soft-ripened cheese with bloomy rind (white mould) (brie, camembert type), Other,Paper foil,Sheep milk;A02LR;Milk and dairy products;A02QE;Cheese;A02RG;Ripened cheese;19;
9;362;petit billy;fromage de chèvre type petit billy;cheese, petit billy;5;5;55;55;554;554;03;;;;;;;;;;;;;;;;A02QQ;Cheese, chevre frais;A02LR;Milk and dairy products;A02QE;Cheese;A02QF;Fresh uncured cheese;13;
9;257;petit breton;;cheese, l'onctueux;5;5;55;55;552;552;02;;;;;;;;12;;;;;;;;A02SV#F19.A07PL$F27.A02LV;Firm/semi-hard cheese (gouda and edam type), Paper foil,Cow milk;A02LR;Milk and dairy products;A02QE;Cheese;A02RG;Ripened cheese;2;
9;3576;philadelphia;;philadelphia;5;5;55;55;555;555;02;;;;;;;01;05,11;;;;;;;;A02QZ#F10.A077A$F19.A07PR$F19.A07PH;Cream cheese, Full fat,Plastic,Aluminium;A02LR;Milk and dairy products;A02QE;Cheese;A02QF;Fresh uncured cheese;2;
9;363;picodon;fromage de chèvre type picodon;cheese, picodon raw milk (aoc);5;5;55;55;551;551;03;;;99;;;;;99;;;;;;;;A02RZ#F10.A166Y$F25.A07VY$F26.A07XE;Cheese, chevre mould ripened, Made from raw or low heat-treated milk,Other,Fresh;A02LR;Milk and dairy products;A02QE;Cheese;A02RG;Ripened cheese;16;
9;259;pié d'angloys;;cheese, le pie d'angloys;5;5;55;55;551;551;02;;;;;;;;12;;;;;;;;A02RJ#F19.A07PL$F26.A07XE$F27.A02LV;Soft-ripened washed-rind cheese (limburger type), Other,Paper foil,Cow milk;A02LR;Milk and dairy products;A02QE;Cheese;A02RG;Ripened cheese;4;
9;2281;platane;;cheese, platane;5;5;55;55;551;551;02,03;;;;;;;;10;;;;;;;;A02RT#F19.A07PR$F27.A02LV$F27.A02MB;Soft-ripened cheese with bloomy rind (white mould) (brie, camembert type), Plastic,Cow milk,Goat milk;A02LR;Milk and dairy products;A02QE;Cheese;A02RG;Ripened cheese;2;
9;274;pont l'évêque au lait cru;;pont-l'eveque raw milk (aoc);5;5;55;55;551;551;02;;;;;;;;00;;;;;;;;A030X;Cheese, pont l'eveque;A02LR;Milk and dairy products;A02QE;Cheese;A02RG;Ripened cheese;4;
9;3642;pont l'évêque n.s.;;pont-l'eveque n.s.;5;5;55;55;551;551;02;;;;;;;;00;;;;;;;;A030X;Cheese, pont l'eveque;A02LR;Milk and dairy products;A02QE;Cheese;A02RG;Ripened cheese;2;
9;3641;pont l'évêque pasteurisé;;pont-l'eveque pasteurized;5;5;55;55;551;551;02;;;08;;;;;12;;;;;;;;A030X#F19.A07PL$F25.A07VX;Cheese, pont l'eveque, Made from pasteurised milk,Paper foil;A02LR;Milk and dairy products;A02QE;Cheese;A02RG;Ripened cheese;6;
9;364;pouligny saint pierre au lait cru;fromage de chèvre type pouligny st pierre lait cru;cheese, pouligny saint pierre raw milk (aoc);5;5;55;55;551;551;03;;;;;;;;21;;;;;;;;A02SD#F19.A07PZ$F25.A07VY;Cheese, pouligny-saint-pierre, Made from raw or low heat-treated milk,Wood or cork;A02LR;Milk and dairy products;A02QE;Cheese;A02RG;Ripened cheese;20;
9;3665;pouligny saint pierre pasteurisé;fromage de chèvre type pouligny st pierre pasteurisé;pouligny saint pierre pasteurized;5;5;55;55;551;551;03;;;08;;;;;05,10;;;;;;;;A02SD#F19.A07PR;Cheese, pouligny-saint-pierre, Plastic;A02LR;Milk and dairy products;A02QE;Cheese;A02RG;Ripened cheese;13;
9;3565;pélardon;fromage de chèvre type pélardon;pelardon raw milk (aoc);5;5;55;55;551;551;03;;;17;;;;;99;;;;;;;;A02RZ#F25.A07VY$F26.A07XE$F28.A07KP;Cheese, chevre mould ripened, Made from raw or low heat-treated milk,Other,Chilling;A02LR;Milk and dairy products;A02QE;Cheese;A02RG;Ripened cheese;3;
9;5041;pérail;;cheese, perail;5;5;55;55;551;551;15;;;;;;;;12;;;;;;;;A02RT#F19.A07PL$F27.A02MC;Soft-ripened cheese with bloomy rind (white mould) (brie, camembert type), Paper foil,Sheep milk;A02LR;Milk and dairy products;A02QE;Cheese;A02RG;Ripened cheese;3;
9;332;raclette au lait cru;;raclette, raw milk;5;5;55;55;552;552;02;;;;;;;;00;;;;;;;;A02XF#F25.A07VY;Cheese, raclette, Made from raw or low heat-treated milk;A02LR;Milk and dairy products;A02QE;Cheese;A02RG;Ripened cheese;21;
9;331;raclette n.s.;;raclette n.s.;5;5;55;55;552;552;02;;;;;;;;99;;;;;;;;A02XF;Cheese, raclette;A02LR;Milk and dairy products;A02QE;Cheese;A02RG;Ripened cheese;26;
9;335;raclette pasteurisée;;raclette, pasteurized;5;5;55;55;552;552;02;;;08;;;;;05;;;;;;;;A02XF#F19.A07PR$F25.A07VX;Cheese, raclette, Made from pasteurised milk,Plastic;A02LR;Milk and dairy products;A02QE;Cheese;A02RG;Ripened cheese;65;
9;309;reblochon;;reblochon raw milk (aoc);5;5;55;55;551;551;02;;;;;;;;05;;;;;;;;A030Y#F19.A07PR$F25.A07VY;Cheese, reblochon, Made from raw or low heat-treated milk,Plastic;A02LR;Milk and dairy products;A02QE;Cheese;A02RG;Ripened cheese;78;
9;312;ricotta;;ricotta;5;5;55;55;554;554;;;;;;;;;;;;;;;;;A02QL;Ricotta;A02LR;Milk and dairy products;A02QE;Cheese;A02QF;Fresh uncured cheese;7;
9;3756;rocamadour;fromage de chèvre type rocamadour;rocamadour raw milk (aoc);5;5;55;55;551;551;03;;;;;;;;12;;;;;;;;A02RZ#F19.A07PL$F25.A07VY$F26.A07XE;Cheese, chevre mould ripened, Made from raw or low heat-treated milk,Other,Paper foil;A02LR;Milk and dairy products;A02QE;Cheese;A02RG;Ripened cheese;13;
9;378;roquefort;fromage de brebis type roquefort;roquefort raw milk (aoc);5;5;55;55;553;553;15;;;;;;;;12,11;;;;;;;;A030K#F19.A07PL$F19.A07PH$F25.A07VY;Cheese, roquefort, Made from raw or low heat-treated milk,Paper foil,Aluminium;A02LR;Milk and dairy products;A02QE;Cheese;A02RG;Ripened cheese;156;
9;5042;roucoulons;;cheese, roucoulons;5;5;55;55;551;551;02;;;;;;;;12;;;;;;;;A02RJ#F19.A07PL$F27.A02LV;Soft-ripened washed-rind cheese (limburger type), Paper foil,Cow milk;A02LR;Milk and dairy products;A02QE;Cheese;A02RG;Ripened cheese;6;
9;277;rouy;;rouy;5;5;55;55;551;551;02;;;;;;;;05;;;;;;;;A02RJ#F19.A07PR$F26.A07XE$F27.A02LV;Soft-ripened washed-rind cheese (limburger type), Other,Plastic,Cow milk;A02LR;Milk and dairy products;A02QE;Cheese;A02RG;Ripened cheese;9;
9;379;saint agur;;saint agur;5;5;55;55;553;553;02;;;;;;;;00;;;;;;;;A030B#F27.A02LV;Firm-ripened blue mould-veined cheese, Cow milk;A02LR;Milk and dairy products;A02QE;Cheese;A02RG;Ripened cheese;2;
9;278;saint albray;;saint albray;5;5;55;55;551;551;02;;;;;;;01;00;;;;;;;;A02RJ#F10.A077A$F26.A07XE$F27.A02LV;Soft-ripened washed-rind cheese (limburger type), Other,Full fat,Cow milk;A02LR;Milk and dairy products;A02QE;Cheese;A02RG;Ripened cheese;40;
9;263;saint florentin;;cheese, saint florentin;5;5;55;55;551;551;02;;;;;;;;12;;;;;;;;A02RJ#F19.A07PL$F26.A07XE$F27.A02LV;Soft-ripened washed-rind cheese (limburger type), Other,Paper foil,Cow milk;A02LR;Milk and dairy products;A02QE;Cheese;A02RG;Ripened cheese;1;
9;369;saint félicien au lait cru;;cheese, saint felicien raw milk;5;5;55;55;551;551;;;;;;;;;99;;;;;;;;A02RT#F25.A07VY$F26.A07XE$F27.A02LV;Soft-ripened cheese with bloomy rind (white mould) (brie, camembert type), Made from raw or low heat-treated milk,Other,Cow milk;A02LR;Milk and dairy products;A02QE;Cheese;A02RG;Ripened cheese;8;
9;3773;saint félicien n.s.;;saint félicien n.s.;5;5;55;55;551;551;;;;;;;;;21;;;;;;;;A02RT#F19.A07PZ$F26.A07XE$F27.A02LV;Soft-ripened cheese with bloomy rind (white mould) (brie, camembert type), Other,Wood or cork,Cow milk;A02LR;Milk and dairy products;A02QE;Cheese;A02RG;Ripened cheese;2;
9;3772;saint félicien pasteurisé;;saint félicien pasteurized;5;5;55;55;551;551;;;;08;;;;;12;;;;;;;;A02RT#F19.A07PL$F25.A07VX$F26.A07XE$F27.A02LV;Soft-ripened cheese with bloomy rind (white mould) (brie, camembert type), Made from pasteurised milk,Other,Paper foil,Cow milk;A02LR;Milk and dairy products;A02QE;Cheese;A02RG;Ripened cheese;2;
9;279;saint marcellin au lait cru;;saint marcellin raw milk;5;5;55;55;551;551;02;;;;;;;;00;;;;;;;;A02SF#F25.A07VY;Cheese, saint marcellin, Made from raw or low heat-treated milk;A02LR;Milk and dairy products;A02QE;Cheese;A02RG;Ripened cheese;15;
9;3775;saint marcellin n.s.;;saint marcellin n.s.;5;5;55;55;551;551;02;;;;;;;;00;;;;;;;;A02SF;Cheese, saint marcellin;A02LR;Milk and dairy products;A02QE;Cheese;A02RG;Ripened cheese;4;
9;3774;saint marcellin pasteurisé;;saint marcellin pasteurized;5;5;55;55;551;551;02;;;08;;;;;12;;;;;;;;A02SF#F19.A07PL$F25.A07VX;Cheese, saint marcellin, Made from pasteurised milk,Paper foil;A02LR;Milk and dairy products;A02QE;Cheese;A02RG;Ripened cheese;2;
9;315;saint nectaire au lait cru;;saint nectaire raw milk (aoc);5;5;55;55;552;552;02;;;;;;;;10;;;;;;;;A02XH#F19.A07PR$F25.A07VY;Cheese, saint nectaire, Made from raw or low heat-treated milk,Plastic;A02LR;Milk and dairy products;A02QE;Cheese;A02RG;Ripened cheese;31;
9;313;saint nectaire n.s.;;saint nectaire n.s.;5;5;55;55;552;552;02;;;;;;;;99;;;;;;;;A02XH;Cheese, saint nectaire;A02LR;Milk and dairy products;A02QE;Cheese;A02RG;Ripened cheese;24;
9;316;saint nectaire pasteurisé;;saint nectaire pasteurized;5;5;55;55;552;552;02;;;08;;;;;05;;;;;;;;A02XH#F19.A07PR$F25.A07VX;Cheese, saint nectaire, Made from pasteurised milk,Plastic;A02LR;Milk and dairy products;A02QE;Cheese;A02RG;Ripened cheese;15;
9;314;saint paulin;port salut;saint paulin;5;5;55;55;552;552;02;;;;;;;;00;;;;;;;;A02XJ;Cheese, saint paulin;A02LR;Milk and dairy products;A02QE;Cheese;A02RG;Ripened cheese;35;
9;367;sainte maure de touraine au lait cru;fromage de chèvre type ste maure touraine lait cru;cheese, sainte maure de touraine raw milk (aoc);5;5;55;55;551;551;03;;;;;;;;12;;;;;;;;A02RZ#F19.A07PL$F25.A07VY$F26.A07XE;Cheese, chevre mould ripened, Made from raw or low heat-treated milk,Other,Paper foil;A02LR;Milk and dairy products;A02QE;Cheese;A02RG;Ripened cheese;22;
9;3777;sainte maure de touraine n.s.;fromage de chèvre type ste maure touraine n.s.;sainte maure n.s.;5;5;55;55;551;551;03;;;;;;;;99;;;;;;;;A02RZ#F26.A07XE;Cheese, chevre mould ripened, Other;A02LR;Milk and dairy products;A02QE;Cheese;A02RG;Ripened cheese;16;
9;3776;sainte maure de touraine pasteurisé;fromage de chèvre type ste maure touraine pasteurisé;sainte maure pasteurized;5;5;55;55;551;551;03;;;08;;;;;10;;;;;;;;A02RZ#F19.A07PR$F25.A07VX$F26.A07XE;Cheese, chevre mould ripened, Made from pasteurised milk,Other,Plastic;A02LR;Milk and dairy products;A02QE;Cheese;A02RG;Ripened cheese;21;
9;3781;salers;;salers raw milk (aoc);5;5;55;55;552;552;02;16;;;;;;;99;;;;;;;;A02SV#F03.A06JB$F25.A07VY$F26.A07XE$F27.A02LV;Firm/semi-hard cheese (gouda and edam type), Dices / sticks,Made from raw or low heat-treated milk,Other,Cow milk;A02LR;Milk and dairy products;A02QE;Cheese;A02RG;Ripened cheese;6;
9;2115;sarde;fromage de brebis type sarde;sheep cheese, very salty;5;5;55;55;551;551;15;;;;;;;;99;;;;;;;;A02RJ#F27.A02MC;Soft-ripened washed-rind cheese (limburger type), Sheep milk;A02LR;Milk and dairy products;A02QE;Cheese;A02RG;Ripened cheese;4;
9;368;selles sur cher au lait cru;fromage de chèvre type selles sur cher au lait cru;cheese, selles-sur-cher raw milk (aoc);5;5;55;55;551;551;03;;;;;;;;00;;;;;;;;A02RZ#F25.A07VY$F26.A07XE;Cheese, chevre mould ripened, Made from raw or low heat-treated milk,Other;A02LR;Milk and dairy products;A02QE;Cheese;A02RG;Ripened cheese;9;
9;3845;selles sur cher n.s.;fromage de chèvre type selles sur cher  n.s.;selles-sur-cher n.s.;5;5;55;55;551;551;03;;;;;;;;05;;;;;;;;A02RZ#F19.A07PR$F26.A07XE;Cheese, chevre mould ripened, Other,Plastic;A02LR;Milk and dairy products;A02QE;Cheese;A02RG;Ripened cheese;2;
9;3844;selles sur cher pasteurisé;fromage de chèvre type selles sur cher pasteurisé;selles-sur-cher pasteurized;5;5;55;55;551;551;03;;;08;;;;;10;;;;;;;;A02RZ#F19.A07PR$F25.A07VX$F26.A07XE;Cheese, chevre mould ripened, Made from pasteurised milk,Other,Plastic;A02LR;Milk and dairy products;A02QE;Cheese;A02RG;Ripened cheese;1;
9;3979;stilton n.s.;;blue stilton cheese n.s.;5;5;55;55;553;553;02;;;;;;;;10;;;;;;;;A030M#F19.A07PR;Cheese, stilton, Plastic;A02LR;Milk and dairy products;A02QE;Cheese;A02RG;Ripened cheese;1;
9;385;sylphide;;cheese, sylphide;5;5;55;55;555;555;02;;;;;;;;00;;;;;;;;A031D#F10.A0CRG$F10.A077C;Processed cheese wedges and similar, Light,Low fat (naturally or reduced);A02LR;Milk and dairy products;A02QE;Cheese;A031A;Processed cheese and spreads;4;
9;3852;sérac;;serac;5;5;55;55;554;554;;;;;;;;;99;;;;;;;;A02QF#F26.A07XE$F27.A02LV;Fresh uncured cheese, Other,Cow milk;A02LR;Milk and dairy products;A02QE;Cheese;A02QF;Fresh uncured cheese;2;
9;387;toastinette cheddar;;toastinette, chester;5;5;55;55;555;555;02;;;;;;;01;05;;;;;;;;A031B#F10.A077A$F19.A07PR$F27.A02YK;Processed cheese, sliceable, Full fat,Plastic,Cheese, cheddar;A02LR;Milk and dairy products;A02QE;Cheese;A031A;Processed cheese and spreads;4;
9;386;toastinette n.s.;;toastinette n.s.;5;5;55;55;555;555;02;;;;;;;00;05;;;;;;;;A031B#F19.A07PR;Processed cheese, sliceable, Plastic;A02LR;Milk and dairy products;A02QE;Cheese;A031A;Processed cheese and spreads;7;
9;389;toastinette raclette;;toastinette, raclette;5;5;55;55;555;555;02;;;;;;;05;05;;;;;;;;A02XF#F03.A06JA$F10.A077C$F19.A07PR;Cheese, raclette, Slices, steaks or other flat cuts,Low fat (naturally or reduced),Plastic;A02LR;Milk and dairy products;A02QE;Cheese;A02RG;Ripened cheese;1;
9;4045;tome des bauges;;tome des bauges raw milk (aoc);5;5;55;55;552;552;02;;;;;;;;00;;;;;;;;A02SV#F25.A07VY$F26.A07XE$F27.A02LV;Firm/semi-hard cheese (gouda and edam type), Made from raw or low heat-treated milk,Other,Cow milk;A02LR;Milk and dairy products;A02QE;Cheese;A02RG;Ripened cheese;14;
9;318;tomme basque;;tomme basque;5;5;55;55;552;552;15;;;;;;;;00;;;;;;;;A02SV#F26.A07XE$F27.A02MC;Firm/semi-hard cheese (gouda and edam type), Other,Sheep milk;A02LR;Milk and dairy products;A02QE;Cheese;A02RG;Ripened cheese;11;
9;286;tomme blanche;;tomme blanche;5;5;55;55;552;552;02;;;;;;;;12;;;;;;;;A02SV#F19.A07PL$F26.A07XE$F27.A02LV;Firm/semi-hard cheese (gouda and edam type), Other,Paper foil,Cow milk;A02LR;Milk and dairy products;A02QE;Cheese;A02RG;Ripened cheese;22;
9;319;tomme de montagne;;tomme de montagne;5;5;55;55;552;552;02;;;;;;;;99;;;;;;;;A02SV#F26.A07XE$F27.A02LV;Firm/semi-hard cheese (gouda and edam type), Other,Cow milk;A02LR;Milk and dairy products;A02QE;Cheese;A02RG;Ripened cheese;51;
9;320;tomme de savoie au lait cru;;tomme de savoie raw milk (aoc);5;5;55;55;552;552;02;;;;;;;;99;;;;;;;;A02XS#F25.A07VY;Cheese, tomme de savoie, Made from raw or low heat-treated milk;A02LR;Milk and dairy products;A02QE;Cheese;A02RG;Ripened cheese;97;
9;4047;tomme de savoie n.s.;;tomme de savoie n.s.;5;5;55;55;552;552;02;;;;;;;;05;;;;;;;;A02XS#F19.A07PR;Cheese, tomme de savoie, Plastic;A02LR;Milk and dairy products;A02QE;Cheese;A02RG;Ripened cheese;39;
9;4046;tomme de savoie pasteurisée;;tomme de savoie pasteurized;5;5;55;55;552;552;02;;;08;;;;;00;;;;;;;;A02XS#F25.A07VX;Cheese, tomme de savoie, Made from pasteurised milk;A02LR;Milk and dairy products;A02QE;Cheese;A02RG;Ripened cheese;8;
9;4048;tomme fraîche (fromage frais);fromage frais type tomme fraîche;tomme fraiche (fresh cheese);5;5;55;55;554;554;02;;;;;;;;12,10;;;;;;;;A02QF#F19.A07PL$F19.A07PR$F26.A07XE$F27.A02LV;Fresh uncured cheese, Other,Paper foil,Plastic,Cow milk;A02LR;Milk and dairy products;A02QE;Cheese;A02QF;Fresh uncured cheese;11;
9;317;tomme n.s.;;tomme n.s.;5;5;55;55;552;552;03;;;;;;;;99;;;;;;;;A02SV#F27.A02MB;Firm/semi-hard cheese (gouda and edam type), Goat milk;A02LR;Milk and dairy products;A02QE;Cheese;A02RG;Ripened cheese;65;
9;308;tomme noire des pyrénées;;cheese, pyrenees;5;5;55;55;552;552;02;;;;;;;;00;;;;;;;;A02SV#F25.A07VX$F26.A07XE;Firm/semi-hard cheese (gouda and edam type), Made from pasteurised milk,Other;A02LR;Milk and dairy products;A02QE;Cheese;A02RG;Ripened cheese;13;
9;2266;trésana;;cheese, tresane;5;5;55;55;554;554;02;;;;;;;;;;;;;;;;A02QZ;Cream cheese;A02LR;Milk and dairy products;A02QE;Cheese;A02QF;Fresh uncured cheese;5;
9;4030;tête de moine;;tête de moine raw milk (aoc);5;5;55;55;552;552;02;16;;;;;;;05;;;;;;;;A02YE#F03.A06JB$F19.A07PR$F25.A07VY$F26.A07XE$F27.A02LV;Hard cheese (cheddar, emmental type), Dices / sticks,Made from raw or low heat-treated milk,Other,Plastic,Cow milk;A02LR;Milk and dairy products;A02QE;Cheese;A02RG;Ripened cheese;5;
9;289;vacherin;mont d'or;cheese, vacherin raw milk (aoc);5;5;55;55;551;551;02;;;;;;;;00;;;;;;;;A02RR#F25.A07VY;Cheese, vacherin mont d'or, Made from raw or low heat-treated milk;A02LR;Milk and dairy products;A02QE;Cheese;A02RG;Ripened cheese;25;
9;366;valencay au lait cru;fromage de chèvre type valencay au lait cru;cheese, valencay raw milk (aoc);5;5;55;55;551;551;03;;;;;;;;21;;;;;;;;A02RZ#F19.A07PZ$F25.A07VY$F26.A07XE;Cheese, chevre mould ripened, Made from raw or low heat-treated milk,Other,Wood or cork;A02LR;Milk and dairy products;A02QE;Cheese;A02RG;Ripened cheese;4;
9;4060;valencay n.s.;fromage de chèvre type valencay n.s.;valençay n.s.;5;5;55;55;551;551;03;;;;;;;;12;;;;;;;;A02RZ#F19.A07PL$F26.A07XE;Cheese, chevre mould ripened, Other,Paper foil;A02LR;Milk and dairy products;A02QE;Cheese;A02RG;Ripened cheese;3;
9;290;vieux pané;;vieux-pane;5;5;55;55;551;551;02;;;;;;;;05;;;;;;;;A02RJ#F19.A07PR$F27.A02LV;Soft-ripened washed-rind cheese (limburger type), Plastic,Cow milk;A02LR;Milk and dairy products;A02QE;Cheese;A02RG;Ripened cheese;11;
9;251;époisses de bourgogne;;cheese, epoisses de bourgogne raw milk (aoc);5;5;55;55;551;551;02;;;;;;;;21;;;;;;;;A02RK#F19.A07PZ$F25.A07VY;Cheese, epoisses, Made from raw or low heat-treated milk,Wood or cork;A02LR;Milk and dairy products;A02QE;Cheese;A02RG;Ripened cheese;8;
9;195;étoile du vercors;fromage de chèvre type étoile du vercors;cheese, etoile du vercors;5;5;55;55;551;551;;;;;;;;;99;;;;;;;;A02RZ;Cheese, chevre mould ripened;A02LR;Milk and dairy products;A02QE;Cheese;A02RG;Ripened cheese;1;
