40;9459;280;;hamburger, 280;22;22;224;224;;;;;;00;;;;;;32;;;;;;;A03ZL#F04.A049S$F22.A07SK;Hamburger with bread, Restaurant or fast food prepared,Bovine, minced meat;A03VA;Composite dishes;A03VB;Dishes, incl. Ready to eat meals (excluding soups and salads);A03YY;Sandwiches, pizza and other stuffed bread-like cereal products;42;
40;626;biscuit apéritif n.s.;gâteau apéritif n.s., mélange de biscuits apéritif n.s., assortiment de gâteaux apéritif n.s.;aperitif biscuits n.s.;18;18;181;181;1810;1810;;;;;;;;00;13;;;;01;;;;A005Y#F10.A0CJK$F19.A07PH;Crackers and breadsticks, With added salt,Aluminium;A000J;Grains and grain-based products;A004V;Bread and similar products;A005Y;Crackers and breadsticks;90;
40;2778;bouchée à la reine garnie;vol au vent garni;bouchee a la reine, filled;18;18;182;182;;;;;;;;;;;00;06;;;;;;02;A040G#F22.A07SH$F28.A07MA$F28.A07KQ;Vol au vent, Food industry prepared,Filling,Freezing;A03VA;Composite dishes;A03VB;Dishes, incl. Ready to eat meals (excluding soups and salads);A03YY;Sandwiches, pizza and other stuffed bread-like cereal products;15;
40;9462;box master;;box master;22;22;224;224;;;;;;99;;;;;;32;;;;;;;A03YZ#F04.A006V$F04.A01SP$F04.A011M$F04.A02YK$F22.A07SK$F28.A07HS;Sandwich and sandwich-like dishes, Restaurant or fast food prepared,Tortilla,Chicken fresh meat,Roesti,Cheese, cheddar,Raw, no heat treatment;A03VA;Composite dishes;A03VB;Dishes, incl. Ready to eat meals (excluding soups and salads);A03YY;Sandwiches, pizza and other stuffed bread-like cereal products;6;
40;630;branchette d'alsace apéritif;stick apéritif;branchettes;18;18;181;181;1812;1812;;;;;;;;;13;;;;;;;;A00FG#F19.A07PH;Sticks, salty, Aluminium;A000J;Grains and grain-based products;A004V;Bread and similar products;A005Y;Crackers and breadsticks;2;
40;2298;bretzel apéritif;;pretzels;18;18;181;181;1812;1812;;;;;;;;;00;;;;;;;;A00FG;Sticks, salty;A000J;Grains and grain-based products;A004V;Bread and similar products;A005Y;Crackers and breadsticks;63;
40;2821;cacahuète salée enrobée type twinuts;twinuts;peanuts, coated in salted biscuit;18;18;181;181;1810;1810;;;;;;;;;13;;;;;;;;A015H#F04.A009V$F19.A07PH;Peanuts, Biscuits,Aluminium;A011X;Legumes, nuts, oilseeds and spices;A04RH;Nuts, oilseeds and oilfruits;A015F;Oilseeds;13;
40;4350;cake salé;;salty cake;18;18;182;182;;;;;;;;40,41,D4,E5,O6,DW;;;;03;;;;;;;A03YY#F04.A022T$F04.A023A$F04.A02DX$F04.A02ZM$F04.A02YP$F22.A07SS$F26.A07XE;Sandwiches, pizza and other stuffed bread-like cereal products, Home prepared (family, social networks, proxies),Other,Ham, pork,Cured pork fat,Tuna,Cheese, comte,Cheese, gruyere;A03VA;Composite dishes;A03VB;Dishes, incl. Ready to eat meals (excluding soups and salads);A03YY;Sandwiches, pizza and other stuffed bread-like cereal products;167;
40;691;chips de maïs type doritos ou nachos;nachos, tortilla chips, doritos;tortilla chips;18;18;181;181;1811;1811;;;;;;;;;05;;;;;;;;A00FC#F19.A07PR;Corn chips, Plastic;A03VA;Composite dishes;A0EZX;Fried or extruded cereal or root-based products;A0EQY;Chips, crisps, fries and dough-based analogues;13;
40;4339;chips de patates douces;;chips, sweet potato;18;18;181;181;1811;1811;;;;;;;;;13;;;;;;;;A0EQX#F04.A010C$F19.A07PH;Chips/crisps, Sweet potatoes,Aluminium;A03VA;Composite dishes;A0EZX;Fried or extruded cereal or root-based products;A0EQY;Chips, crisps, fries and dough-based analogues;504;
40;693;chips de pommes type croustipom;croustipom;chips, apple like croustipom;18;18;181;181;1811;1811;;;;;;;;;00;;;;;;;;A0EQX#F04.A01DJ;Chips/crisps, Apples;A03VA;Composite dishes;A0EZX;Fried or extruded cereal or root-based products;A0EQY;Chips, crisps, fries and dough-based analogues;2;
40;2487;chips n.s.;;chips n.s.;18;18;181;181;1811;1811;;;;;;;;00;05;;;;01;;;;A0EQX#F10.A0CJK$F19.A07PR;Chips/crisps, With added salt,Plastic;A03VA;Composite dishes;A0EZX;Fried or extruded cereal or root-based products;A0EQY;Chips, crisps, fries and dough-based analogues;28;
40;2994;cracker apéritif croustillant;biscuit apéritif croustillant;crunchy crackers;18;18;181;181;1812;1812;;;;;;;;05;00;;;;01;;;;A005Y#F10.A077C$F10.A0CJK$F26.A07XE;Crackers and breadsticks, Other,Low fat (naturally or reduced),With added salt;A000J;Grains and grain-based products;A004V;Bread and similar products;A005Y;Crackers and breadsticks;83;
40;627;cracker apéritif feuilleté;torsade apéritif feuilletée, biscuit apéritif feuilleté;aperitif biscuit flaky salted;18;18;181;181;1812;1812;;;;;;;;00;05;;;;01;;;;A005Y#F10.A0CJK$F12.A009M$F19.A07PR;Crackers and breadsticks, With added salt,Common laminated dough,Plastic;A000J;Grains and grain-based products;A004V;Bread and similar products;A005Y;Crackers and breadsticks;24;
40;2993;cracker apéritif garni type monaco;cracker belin (biscuit apéritif), minizza (biscuit apéritif), triangolini (biscuit apéritif), monaco (biscuit apéritif);monaco;18;18;181;181;1812;1812;;;;;;;;01;05;;;;01;;;;A005Y#F10.A077A$F10.A0CJK$F19.A07PR$F28.A0CRH;Crackers and breadsticks, Full fat,With added salt,Plastic,Seasoning;A000J;Grains and grain-based products;A004V;Bread and similar products;A005Y;Crackers and breadsticks;8;
40;2995;cracker apéritif japonais;mélange de biscuits apéritif japonais, biscuit apéritif japonais, assortiment de crackers apéritif japonais, assortiment de biscuits apéritif japonais;crackers, japanese;18;18;181;181;1812;1812;;;;;;;;;13;;;;;;;;A005Y#F19.A07PH$F28.A0CRH;Crackers and breadsticks, Aluminium,Seasoning;A000J;Grains and grain-based products;A004V;Bread and similar products;A005Y;Crackers and breadsticks;2;
40;633;cracker apéritif n.s.;assortiment de crackers apéritif n.s., mélange de crackers apéritif n.s.;aperitif crackers n.s.;18;18;181;181;1812;1812;;;;;;;;00;00;;;;00;;;;A005Y;Crackers and breadsticks;A000J;Grains and grain-based products;A004V;Bread and similar products;A005Y;Crackers and breadsticks;3;
40;651;cracker apéritif type tuc;tuc;tuc;18;18;181;181;1812;1812;;;;;;;;01;13;;;;01;;;;A005Y#F10.A077A$F10.A0CJK$F19.A07PH;Crackers and breadsticks, Full fat,With added salt,Aluminium;A000J;Grains and grain-based products;A004V;Bread and similar products;A005Y;Crackers and breadsticks;93;
40;1858;croissant au jambon à la béchamel;;croissant with ham and bechamel;18;18;182;182;;;;;;;;40,ZH;;;;22;;;;;;;A03YZ#F04.A023K$F04.A043X$F04.A00BM$F22.A07SQ;Sandwich and sandwich-like dishes, Canteen / localized catering prepared,Cooked pork ham,Bechamel sauce,Croissant;A03VA;Composite dishes;A03VB;Dishes, incl. Ready to eat meals (excluding soups and salads);A03YY;Sandwiches, pizza and other stuffed bread-like cereal products;212;
40;9281;crêpe jambon champignon à la crème;ficelle picarde;savoury pancake, ham mushroom cream sauce;22;22;224;224;;;;;00;00;;;;;;22;;;;;;;A03YZ#F04.A00TQ$F04.A023K$F04.A02NC$F04.A00CL$F22.A07SQ;Sandwich and sandwich-like dishes, Canteen / localized catering prepared,Common mushrooms,Cooked pork ham,Créme fraiche and other mild variants of sour cream,Pancakes;A03VA;Composite dishes;A03VB;Dishes, incl. Ready to eat meals (excluding soups and salads);A03YY;Sandwiches, pizza and other stuffed bread-like cereal products;4;
40;9280;crêpe jambon fromage à la béchamel;;savoury pancake, ham cheese bechamel sauce;22;22;224;224;;;;;98;00;;;;;;03;;;;;;;A03YZ#F04.A023K$F04.A02QE$F04.A043X$F04.A00CL$F22.A07SS;Sandwich and sandwich-like dishes, Home prepared (family, social networks, proxies),Cooked pork ham,Cheese,Bechamel sauce,Pancakes;A03VA;Composite dishes;A03VB;Dishes, incl. Ready to eat meals (excluding soups and salads);A03YY;Sandwiches, pizza and other stuffed bread-like cereal products;110;
40;1864;feuilleté au fromage;friand au fromage;feuillete, cheese;18;18;182;182;;;;;;;;35;;;;08;;;;;;;A040G#F04.A02QE$F22.A07SY;Vol au vent, Prepared by artisan,Cheese;A03VA;Composite dishes;A03VB;Dishes, incl. Ready to eat meals (excluding soups and salads);A03YY;Sandwiches, pizza and other stuffed bread-like cereal products;33;
40;1863;feuilleté au jambon;friand au jambon;feuillete, with ham;18;18;182;182;;;;;;;;40;;;;22;;;;;;;A040G#F04.A023K$F22.A07SQ;Vol au vent, Canteen / localized catering prepared,Cooked pork ham;A03VA;Composite dishes;A03VB;Dishes, incl. Ready to eat meals (excluding soups and salads);A03YY;Sandwiches, pizza and other stuffed bread-like cereal products;6;
40;1875;feuilleté au jambon et fromage;;feuillete, ham cheese;18;18;182;182;;;;;;;;40,35;;;;08;;;;;;;A040G#F04.A023K$F04.A02QE$F22.A07SY;Vol au vent, Prepared by artisan,Cooked pork ham,Cheese;A03VA;Composite dishes;A03VB;Dishes, incl. Ready to eat meals (excluding soups and salads);A03YY;Sandwiches, pizza and other stuffed bread-like cereal products;14;
40;1877;feuilleté au saumon;feuilleté au poisson;feuillete, salmon;18;18;182;182;;;;;;;;U8;;;;08;;;;;;;A040G#F04.A0C75$F22.A07SY;Vol au vent, Prepared by artisan,Salmons;A03VA;Composite dishes;A03VB;Dishes, incl. Ready to eat meals (excluding soups and salads);A03YY;Sandwiches, pizza and other stuffed bread-like cereal products;8;
40;5195;feuilleté au thon;;feuillete, tuna;18;18;182;182;;;;;;;;D4;;;;03;;;;;;;A040G#F04.A02DX$F22.A07SS;Vol au vent, Home prepared (family, social networks, proxies),Tuna;A03VA;Composite dishes;A03VB;Dishes, incl. Ready to eat meals (excluding soups and salads);A03YY;Sandwiches, pizza and other stuffed bread-like cereal products;1;
40;2473;feuilleté aux champignons;tresse forestière;feuillete, mushrooms;18;18;182;182;;;;;;;;7A;;;05,02;06;;;;;;02;A040G#F04.A0ETG$F19.A07PR$F19.A07PQ$F22.A07SH$F28.A07KQ;Vol au vent, Food industry prepared,Fungi,Plastic,Paperboard,Freezing;A03VA;Composite dishes;A03VB;Dishes, incl. Ready to eat meals (excluding soups and salads);A03YY;Sandwiches, pizza and other stuffed bread-like cereal products;2;
40;1865;feuilleté aux fruits de mer;;feuillete, seafood;18;18;182;182;;;;;;;;2D;;;05;06;;;;;;03;A040G#F04.A03XJ$F19.A07PR$F22.A07SH$F28.A07KP;Vol au vent, Food industry prepared,Fish and seafood based dishes,Plastic,Chilling;A03VA;Composite dishes;A03VB;Dishes, incl. Ready to eat meals (excluding soups and salads);A03YY;Sandwiches, pizza and other stuffed bread-like cereal products;18;
40;1860;feuilleté à la viande;friand à la viande;feuillete, with meat;18;18;182;182;;;;;;;;Q1;;;02;06;;;;;;02;A040G#F04.A0EYH$F19.A07PQ$F22.A07SH$F28.A07KQ;Vol au vent, Food industry prepared,Mammals and birds meat,Paperboard,Freezing;A03VA;Composite dishes;A03VB;Dishes, incl. Ready to eat meals (excluding soups and salads);A03YY;Sandwiches, pizza and other stuffed bread-like cereal products;13;
40;5192;feuilleté à la viande et aux champignons;;feuillete, meat and mushrooms;18;18;182;182;;;;;;;;Q1,7A;;;;08;;;;;;;A040G#F04.A0EYH$F04.A0ETG$F22.A07SY;Vol au vent, Prepared by artisan,Mammals and birds meat,Fungi;A03VA;Composite dishes;A03VB;Dishes, incl. Ready to eat meals (excluding soups and salads);A03YY;Sandwiches, pizza and other stuffed bread-like cereal products;10;
40;4358;flammekueche;tarte flambée (salée);flammekueche;18;18;182;182;;;;;;;;35,6F,A5,41;;;;25;;;;;;;A03YM#F04.A023A$F04.A00HC$F04.A02QE$F04.A02NC$F22.A07SP;Quiche, Restaurant prepared,Cured pork fat,Onions,Cheese,Créme fraiche and other mild variants of sour cream;A03VA;Composite dishes;A03VB;Dishes, incl. Ready to eat meals (excluding soups and salads);A03YY;Sandwiches, pizza and other stuffed bread-like cereal products;60;
40;1857;friand à la saucisse;feuilleté à la saucisse;friand with sausage;18;18;182;182;;;;;;;;V2;;;05;06;;;;;;03;A040D#F19.A07PR$F22.A07SH$F28.A07KP;Sausage roll, Food industry prepared,Plastic,Chilling;A03VA;Composite dishes;A03VB;Dishes, incl. Ready to eat meals (excluding soups and salads);A03YY;Sandwiches, pizza and other stuffed bread-like cereal products;15;
40;9279;galette andouille;crêpe andouille;savoury pancake, andouille;22;22;224;224;;;;;00;99;;;;;;03;;;;;;;A03ZB#F04.A025N$F04.A00CL$F22.A07SS$F26.A07XE$F28.A07HS;Sandwich with processed meat topping/filling, Home prepared (family, social networks, proxies),Other,Sliceable or firm cooked sausages,Pancakes,Raw, no heat treatment;A03VA;Composite dishes;A03VB;Dishes, incl. Ready to eat meals (excluding soups and salads);A03YY;Sandwiches, pizza and other stuffed bread-like cereal products;1;
40;9547;galette au jambon/lardon;;savoury pancake, ham/lardon;22;22;224;224;;;;;00;00;;;;;;00;;;;;;;A03ZB#F04.A022T;Sandwich with processed meat topping/filling, Ham, pork;A03VA;Composite dishes;A03VB;Dishes, incl. Ready to eat meals (excluding soups and salads);A03YY;Sandwiches, pizza and other stuffed bread-like cereal products;6;
40;9272;galette chèvre lardon crème;crêpe chèvre lardon crème;savoury pancake, goat cheese lardon cream;22;22;224;224;;;;;34;17;;;;;05;06;;;;;;03;A03ZA#F04.A02QQ$F04.A023A$F04.A02NC$F04.A00CL$F22.A07SH$F28.A07KP;Sandwich with cheese topping/filling, Food industry prepared,Cheese, chevre frais,Cured pork fat,Créme fraiche and other mild variants of sour cream,Pancakes,Chilling;A03VA;Composite dishes;A03VB;Dishes, incl. Ready to eat meals (excluding soups and salads);A03YY;Sandwiches, pizza and other stuffed bread-like cereal products;6;
40;9277;galette chèvre miel noix;crêpe chèvre miel noix;savoury pancake, goat cheese honey nut;22;22;224;224;;;;;98;00;;;;;;25;;;;;;;A03ZA#F04.A02QQ$F04.A033J$F04.A014R$F04.A00CL$F22.A07SP;Sandwich with cheese topping/filling, Restaurant prepared,Cheese, chevre frais,Honey,Walnuts,Pancakes;A03VA;Composite dishes;A03VB;Dishes, incl. Ready to eat meals (excluding soups and salads);A03YY;Sandwiches, pizza and other stuffed bread-like cereal products;4;
40;9507;galette de semoule à l'emmental;;semolina pancake, emmental;22;22;224;224;;;;;98;17;;;;;;03;;;;;;;A03ZA#F22.A07SS$F28.A07KP;Sandwich with cheese topping/filling, Home prepared (family, social networks, proxies),Chilling;A03VA;Composite dishes;A03VB;Dishes, incl. Ready to eat meals (excluding soups and salads);A03YY;Sandwiches, pizza and other stuffed bread-like cereal products;1;
40;9273;galette jambon champignon fromage;crêpe jambon champignon fromage;savoury pancake, ham mushroom cheese;22;22;224;224;;;;;34;99;;;;;;03;;;;;;;A03ZB#F04.A00TQ$F04.A023K$F04.A02QE$F04.A00CL$F22.A07SS$F28.A07HS;Sandwich with processed meat topping/filling, Home prepared (family, social networks, proxies),Common mushrooms,Cooked pork ham,Cheese,Pancakes,Raw, no heat treatment;A03VA;Composite dishes;A03VB;Dishes, incl. Ready to eat meals (excluding soups and salads);A03YY;Sandwiches, pizza and other stuffed bread-like cereal products;7;
40;9276;galette légumes fromage;crêpe légume fromage;savoury pancake, cheese;22;22;224;224;;;;;00;00;;;;;;03;;;;;;;A03ZE#F04.A02QE$F04.A00CL$F04.A07XJ$F22.A07SS$F26.A07XE;Sandwich with cheese and vegetable topping/filling, Home prepared (family, social networks, proxies),Other,Cheese,Pancakes,Garden vegetables and primary derivatives thereof;A03VA;Composite dishes;A03VB;Dishes, incl. Ready to eat meals (excluding soups and salads);A03YY;Sandwiches, pizza and other stuffed bread-like cereal products;4;
40;9270;galette mozzarella emmental gorgonzola;galette 3 fromages, crêpe mozzarella emmental gorgonzola, crêpe 3 fromages;savoury pancake, mozzarella emmental gorgonzola;22;22;224;224;;;;;57;;;;;;23;06;;;;;;02;A03ZA#F04.A02QJ$F04.A030H$F04.A02YM$F04.A00CL$F22.A07SH;Sandwich with cheese topping/filling, Food industry prepared,Mozzarella,Cheese, gorgonzola,Cheese, emmental,Pancakes;A03VA;Composite dishes;A03VB;Dishes, incl. Ready to eat meals (excluding soups and salads);A03YY;Sandwiches, pizza and other stuffed bread-like cereal products;20;
40;9269;galette oeuf jambon fromage;crêpe complète, galette complète, crêpe oeuf jambon fromage;savoury pancake, egg ham cheese;22;22;224;224;;;;;57;17;;;;;10;06;;;;;;03;A03ZB#F04.A031G$F04.A023K$F04.A02QE$F04.A00CL$F22.A07SH$F28.A07KP;Sandwich with processed meat topping/filling, Food industry prepared,Hen eggs,Cooked pork ham,Cheese,Pancakes,Chilling;A03VA;Composite dishes;A03VB;Dishes, incl. Ready to eat meals (excluding soups and salads);A03YY;Sandwiches, pizza and other stuffed bread-like cereal products;30;
40;9271;galette pomme de terre lardon fromage;crêpe tartiflette, galette tartiflette, crêpe pomme de terre lardon fromage;savoury pancake, potato lardon cheese;22;22;224;224;;;;;32;17;;;;;05;06;;;;;;03;A03ZB#F04.A00ZT$F04.A02QE$F04.A023A$F04.A00CL$F22.A07SH$F28.A07KP;Sandwich with processed meat topping/filling, Food industry prepared,Potatoes,Cheese,Cured pork fat,Pancakes,Chilling;A03VA;Composite dishes;A03VB;Dishes, incl. Ready to eat meals (excluding soups and salads);A03YY;Sandwiches, pizza and other stuffed bread-like cereal products;1;
40;9274;galette saint jacques beurre persillé;crêpe saint jacques beurre persillé;savoury pancake, saint jacques butter parsley;22;22;224;224;;;;;57;;;;;;23;06;;;;;;02;A03ZC#F04.A02HN$F04.A039C$F04.A00YE$F04.A00CL$F22.A07SH;Sandwich with fish topping/filling, Food industry prepared,Scallops, pectens,Butter,Parsley,Pancakes;A03VA;Composite dishes;A03VB;Dishes, incl. Ready to eat meals (excluding soups and salads);A03YY;Sandwiches, pizza and other stuffed bread-like cereal products;2;
40;9278;galette saucisse;crêpe saucisse;savoury pancake, sausage;22;22;224;224;;;;;00;00;;;;;;00;;;;;;;A03ZB#F04.A024F$F04.A00CL$F26.A07XE;Sandwich with processed meat topping/filling, Other,Sausages,Pancakes;A03VA;Composite dishes;A03VB;Dishes, incl. Ready to eat meals (excluding soups and salads);A03YY;Sandwiches, pizza and other stuffed bread-like cereal products;5;
40;9275;galette saumon épinard;crêpe saumon épinard;savoury pancake, salmon spinach;22;22;224;224;;;;;98;17;;;;;;03;;;;;;;A03ZH#F04.A0C75$F04.A00MJ$F04.A00CL$F22.A07SS$F26.A07XE$F28.A07KP;Sandwich with fish and vegetable topping/filling, Home prepared (family, social networks, proxies),Other,Salmons,Spinaches,Pancakes,Chilling;A03VA;Composite dishes;A03VB;Dishes, incl. Ready to eat meals (excluding soups and salads);A03YY;Sandwiches, pizza and other stuffed bread-like cereal products;3;
40;9545;galette à la viande hachée;;savoury pancake, minced meat;22;22;224;224;;;;;98;00;;;;;;25;;;;;;;A03ZM#F04.A049S$F22.A07SP;Steak sandwich, Restaurant prepared,Bovine, minced meat;A03VA;Composite dishes;A03VB;Dishes, incl. Ready to eat meals (excluding soups and salads);A03YY;Sandwiches, pizza and other stuffed bread-like cereal products;19;
40;3178;gaufrette apéritif fourrée;chou apéritif fourré;wafers, filled;18;18;181;181;1812;1812;;;;;;;;;13;;;;;;;;A005Y#F19.A07PH$F26.A07XE$F28.A07MA;Crackers and breadsticks, Other,Aluminium,Filling;A000J;Grains and grain-based products;A004V;Bread and similar products;A005Y;Crackers and breadsticks;6;
40;9256;giant;;hamburger, giant;22;22;224;224;;;;;;99;;;;;;32;;;;;;;A03ZL#F04.A049S$F22.A07SK$F28.A07HS;Hamburger with bread, Restaurant or fast food prepared,Bovine, minced meat,Raw, no heat treatment;A03VA;Composite dishes;A03VB;Dishes, incl. Ready to eat meals (excluding soups and salads);A03YY;Sandwiches, pizza and other stuffed bread-like cereal products;8;
40;1917;gougère;chou au fromage;chou with cheese;18;18;182;182;;;;;;;;;;;00;06;;;;;;00;A00AM#F22.A07SH;Gougere, Food industry prepared;A000J;Grains and grain-based products;A009T;Fine bakery wares;A00AG;Choux pastry;18;
40;9470;grand bagel cheese;;grand bagel cheese;22;22;224;224;;;;;;99;;;;;;32;;;;;;;A03YZ#F04.A02QE$F22.A07SK$F28.A07HS;Sandwich and sandwich-like dishes, Restaurant or fast food prepared,Cheese,Raw, no heat treatment;A03VA;Composite dishes;A03VB;Dishes, incl. Ready to eat meals (excluding soups and salads);A03YY;Sandwiches, pizza and other stuffed bread-like cereal products;3;
40;558;gressin;flute apéritif, gressini;bread, stick;18;18;181;181;1812;1812;;;;;;;;01;05;;;;01;;;;A005Y#F10.A077A$F10.A0CJK$F19.A07PR;Crackers and breadsticks, Full fat,With added salt,Plastic;A000J;Grains and grain-based products;A004V;Bread and similar products;A005Y;Crackers and breadsticks;59;
40;9243;hamburger;;hamburger, hamburger;22;22;224;224;;;;;;00;;;;;;25;;;;;;;A03ZL#F04.A049S$F22.A07SP;Hamburger with bread, Restaurant prepared,Bovine, minced meat;A03VA;Composite dishes;A03VB;Dishes, incl. Ready to eat meals (excluding soups and salads);A03YY;Sandwiches, pizza and other stuffed bread-like cereal products;186;
40;3447;nem au crabe et crevette;pâté impérial aux crevettes, rouleau impérial aux crevettes, rouleau impérial au crabe et crevette, pâté impérial au crabe et crevette;nems, crabs and shrimps;18;18;182;182;;;;;10;;;M3,V6;;;05;06;;;;;;03;A040F#F04.A0FCP$F04.A02FX$F19.A07PR$F22.A07SH$F28.A07GV$F28.A07KP;Spring rolls, Food industry prepared,Edible crab,Shrimps and prawns,Plastic,Deep frying,Chilling;A03VA;Composite dishes;A03VB;Dishes, incl. Ready to eat meals (excluding soups and salads);A03YY;Sandwiches, pizza and other stuffed bread-like cereal products;15;
40;5198;nem au crevette;;nems, shrimps;18;18;182;182;;;;;94;;;V6;;;;25;;;;;;;A040F#F04.A02FX$F22.A07SP$F28.A07GV$F28.A0BA1;Spring rolls, Restaurant prepared,Shrimps and prawns,Deep frying,Cooking and similar thermal preparation processes;A03VA;Composite dishes;A03VB;Dishes, incl. Ready to eat meals (excluding soups and salads);A03YY;Sandwiches, pizza and other stuffed bread-like cereal products;2;
40;1866;nem au porc;rouleau impérial au porc, pâté impérial au porc;nems (asian like-beignet (made with rice) with mea;18;18;182;182;;;;;97;;;T2;;;;08;;;;;;;A040F#F04.A04AC$F22.A07SY$F28.A07GV$F28.A07HD;Spring rolls, Prepared by artisan,Pig minced meat,Deep frying,Reheating;A03VA;Composite dishes;A03VB;Dishes, incl. Ready to eat meals (excluding soups and salads);A03YY;Sandwiches, pizza and other stuffed bread-like cereal products;44;
40;3448;nem au poulet;rouleau impérial au poulet, pâté impérial au poulet;nems, chicken;18;18;182;182;;;;;95;;;K9;;;;25;;;;;;;A040F#F04.A04DS$F22.A07SP$F26.A07XE$F28.A07GV$F28.A0BA1;Spring rolls, Restaurant prepared,Other,Chicken, minced meat,Deep frying,Cooking and similar thermal preparation processes;A03VA;Composite dishes;A03VB;Dishes, incl. Ready to eat meals (excluding soups and salads);A03YY;Sandwiches, pizza and other stuffed bread-like cereal products;23;
40;5199;nem au steak haché;;nems, minced meat;18;18;182;182;;;;;09;;;I3;;;;03;;;;;;;A040F#F04.A049S$F22.A07SS$F26.A07XE$F28.A07GV$F28.A07GS;Spring rolls, Home prepared (family, social networks, proxies),Other,Bovine, minced meat,Deep frying,Pan frying / shallow frying;A03VA;Composite dishes;A03VB;Dishes, incl. Ready to eat meals (excluding soups and salads);A03YY;Sandwiches, pizza and other stuffed bread-like cereal products;4;
40;3446;nem n.s.;rouleau impérial n.s., pâté impérial n.s.;nem n.s.;18;18;182;182;;;;;34;;;;;;;00;;;;;;;A040F#F28.A07GV$F28.A07GY;Spring rolls, Deep frying,Roasting;A03VA;Composite dishes;A03VB;Dishes, incl. Ready to eat meals (excluding soups and salads);A03YY;Sandwiches, pizza and other stuffed bread-like cereal products;17;
40;9510;p'tit bagel;;hamburger, p'tit bagel;22;22;224;224;;;;;98;00;;;;;99;32;;;;;;;A042H#F22.A07SK;Prepared pasta salad, Restaurant or fast food prepared;A03VA;Composite dishes;A041K;Soups and salads;A042B;Salads;1;
40;9235;panini chèvre roquefort emmental;panini 3 fromages;panini, goat cheese roquefort emmental;22;22;224;224;;;;;34;00;;;;;;32;;;;;;;A03ZA#F04.A02QQ$F04.A030K$F04.A02YM$F22.A07SK$F28.A07HC;Sandwich with cheese topping/filling, Restaurant or fast food prepared,Cheese, chevre frais,Cheese, roquefort,Cheese, emmental,Toasting / coffee roasting;A03VA;Composite dishes;A03VB;Dishes, incl. Ready to eat meals (excluding soups and salads);A03YY;Sandwiches, pizza and other stuffed bread-like cereal products;2;
40;9232;panini fromage boeuf oignon;panini bolognaise;panini, cheese beef onion;22;22;224;224;;;;;32;17;;;;;;32;;;;;;;A03YZ#F04.A02QE$F04.A049S$F04.A00HC$F22.A07SK$F28.A07HC$F28.A07KP;Sandwich and sandwich-like dishes, Restaurant or fast food prepared,Cheese,Bovine, minced meat,Onions,Toasting / coffee roasting,Chilling;A03VA;Composite dishes;A03VB;Dishes, incl. Ready to eat meals (excluding soups and salads);A03YY;Sandwiches, pizza and other stuffed bread-like cereal products;6;
40;9231;panini jambon mozzarella;panini jambon fromage;panini, ham mozzarella;22;22;224;224;;;;;98;00;;;;;;32;;;;;;;A03YZ#F04.A022T$F04.A02QJ$F22.A07SK$F28.A07HC;Sandwich and sandwich-like dishes, Restaurant or fast food prepared,Ham, pork,Mozzarella,Toasting / coffee roasting;A03VA;Composite dishes;A03VB;Dishes, incl. Ready to eat meals (excluding soups and salads);A03YY;Sandwiches, pizza and other stuffed bread-like cereal products;10;
40;9234;panini saumon crème;;panini, salmon cream;22;22;224;224;;;;;98;00;;;;;;32;;;;;;;A03ZC#F04.A0C75$F22.A07SK;Sandwich with fish topping/filling, Restaurant or fast food prepared,Salmons;A03VA;Composite dishes;A03VB;Dishes, incl. Ready to eat meals (excluding soups and salads);A03YY;Sandwiches, pizza and other stuffed bread-like cereal products;10;
40;1990;petit four apéritif;amuse gueule apéritif, canapé apéritif, mini feuilleté apéritif;feuillete aperitifs;18;18;182;182;;;;;;;;;;;05;06;;;;;;02;A040C#F19.A07PR$F22.A07SH$F28.A07KQ;Finger food, Food industry prepared,Plastic,Freezing;A03VA;Composite dishes;A03VB;Dishes, incl. Ready to eat meals (excluding soups and salads);A03YY;Sandwiches, pizza and other stuffed bread-like cereal products;47;
40;1989;petit pain fourré type buns;;filled buns;18;18;182;182;;;;;;;;;;;00;06;;;;;;00;A00BL#F22.A07SH$F28.A07MA;Buns, Food industry prepared,Filling;A000J;Grains and grain-based products;A009T;Fine bakery wares;A00BK;Yeast leavened pastry;813;
40;4347;pizza reine (tomate jambon champignon fromage);pizza royale (tomate jambon champignon fromage);pizza king;18;18;182;182;;;;;;;;D8,40,7A,35;;;;32;;;;;;;A040B#F22.A07SK$F26.A07XE;Pizza and similar with cheese, meat, mushrooms, and vegetables, Restaurant or fast food prepared,Other;A03VA;Composite dishes;A03VB;Dishes, incl. Ready to eat meals (excluding soups and salads);A03YY;Sandwiches, pizza and other stuffed bread-like cereal products;111;
40;5202;pizza sans gluten et sans lactose;;pizza, gluten-free and lactose-free;18;18;182;182;;;;;;;;D8,E6,D5,42,W7,U7,Q1,Q9;;;;03;;;;;;;A03ZN#F04.A00HR$F04.A02QJ$F04.A02DD$F04.A00TQ$F04.A00JA$F04.A024X$F04.A0EYH$F04.A01BQ$F10.A0B8L$F10.A0CQD$F22.A07SS;Pizza and pizza-like dishes, Home prepared (family, social networks, proxies),Globe tomato,Mozzarella,Anchovies,Common mushrooms,Sweet peppers,Salami-type sausage,Mammals and birds meat,Table olives ready for consumption,Gluten free,Lactose free;A03VA;Composite dishes;A03VB;Dishes, incl. Ready to eat meals (excluding soups and salads);A03YY;Sandwiches, pizza and other stuffed bread-like cereal products;7;
40;680;pétale de pommes de terre soufflée type chipster;chipster;chipster salted;18;18;181;181;1813;1813;;;;;;;;00;13;;;;01;;;;A0BYT#F10.A0CJK$F19.A07PH;Potato crisps from dough, With added salt,Aluminium;A03VA;Composite dishes;A0EZX;Fried or extruded cereal or root-based products;A0EQY;Chips, crisps, fries and dough-based analogues;2;
40;4353;quiche lorraine;;quiche lorraine;18;18;182;182;;;;;;;;;;;;03;;;;;;;A03YM#F04.A023A$F22.A07SS;Quiche, Home prepared (family, social networks, proxies),Cured pork fat;A03VA;Composite dishes;A03VB;Dishes, incl. Ready to eat meals (excluding soups and salads);A03YY;Sandwiches, pizza and other stuffed bread-like cereal products;242;
40;4355;quiche salée (avec oeuf);tarte salée (avec oeuf), flamiche (avec oeuf);salty quiche (with eggs);18;18;182;182;;;;;;;;B9,P4,K3,V3;;;;08;;;;;;;A03YM#F04.A031G$F04.A07XJ$F04.A00SB$F04.A00QH$F04.A02HN$F22.A07SY;Quiche, Prepared by artisan,Hen eggs,Garden vegetables and primary derivatives thereof,Leeks,Carrots,Scallops, pectens;A03VA;Composite dishes;A03VB;Dishes, incl. Ready to eat meals (excluding soups and salads);A03YY;Sandwiches, pizza and other stuffed bread-like cereal products;275;
40;4357;quiche salée (n.s.);tarte salée (n.s.), flamiche (n.s.);salty quiche n.s.;18;18;182;182;;;;;;;;A5,41;;;05;06;;;;;;02;A03YM#F04.A00HC$F04.A023A$F19.A07PR$F22.A07SH$F28.A07KQ;Quiche, Food industry prepared,Onions,Cured pork fat,Plastic,Freezing;A03VA;Composite dishes;A03VB;Dishes, incl. Ready to eat meals (excluding soups and salads);A03YY;Sandwiches, pizza and other stuffed bread-like cereal products;46;
40;4356;quiche salée (sans oeuf);tarte salée (sans oeuf), flamiche (sans oeuf);salty quiche (without eggs);18;18;182;182;;;;;;;;D8,40,E7,A3;;;;03;;;;;;;A03YM#F04.A036P$F04.A00HR$F04.A022T$F04.A02YM$F04.A044G$F22.A07SS$F26.A07XE;Quiche, Home prepared (family, social networks, proxies),Other,Olive oils,Globe tomato,Ham, pork,Cheese, emmental,Mustard and related sauces;A03VA;Composite dishes;A03VB;Dishes, incl. Ready to eat meals (excluding soups and salads);A03YY;Sandwiches, pizza and other stuffed bread-like cereal products;78;
40;9251;quick'n toast;;quick'n toast;22;22;224;224;;;;;;00;;;;;;32;;;;;;;A03YZ#F04.A049S$F04.A022X$F04.A02YK$F22.A07SK$F28.A07HC;Sandwich and sandwich-like dishes, Restaurant or fast food prepared,Bovine, minced meat,Bacon,Cheese, cheddar,Toasting / coffee roasting;A03VA;Composite dishes;A03VB;Dishes, incl. Ready to eat meals (excluding soups and salads);A03YY;Sandwiches, pizza and other stuffed bread-like cereal products;304;
40;9213;sandwich jambon emmental;sandwich jambon fromage;sandwich, ham emmental cheese;22;22;224;224;;;;;;17;;;;;;22;;;;;;;A03YZ#F04.A022T$F04.A02YM$F22.A07SQ$F28.A07KP;Sandwich and sandwich-like dishes, Canteen / localized catering prepared,Ham, pork,Cheese, emmental,Chilling;A03VA;Composite dishes;A03VB;Dishes, incl. Ready to eat meals (excluding soups and salads);A03YY;Sandwiches, pizza and other stuffed bread-like cereal products;82;
40;9214;sandwich jambon emmental crudité;sandwich jambon fromage crudité;sandwich, ham emmental cheese raw vegetables;22;22;224;224;;;;;;17;;;;;;06;;;;;;03;A03YZ#F04.A022T$F04.A02YM$F04.A07XJ$F22.A07SH$F28.A07KP;Sandwich and sandwich-like dishes, Food industry prepared,Ham, pork,Cheese, emmental,Garden vegetables and primary derivatives thereof,Chilling;A03VA;Composite dishes;A03VB;Dishes, incl. Ready to eat meals (excluding soups and salads);A03YY;Sandwiches, pizza and other stuffed bread-like cereal products;36;
40;9222;sandwich jambon tomate courgette poivron;;sandwich, ham tomato courgette pepper;22;22;224;224;;;;;;00;;;;;;32;;;;;;;A03ZG#F04.A022T$F04.A0DMX$F04.A00JR$F04.A00JA$F22.A07SK;Sandwich with meat and vegetable topping/filling, Restaurant or fast food prepared,Ham, pork,Tomatoes,Courgettes,Sweet peppers;A03VA;Composite dishes;A03VB;Dishes, incl. Ready to eat meals (excluding soups and salads);A03YY;Sandwiches, pizza and other stuffed bread-like cereal products;25;
40;9237;sandwich kebab;kebab sans frites;sandwich, kebab;22;22;224;224;;;;;;00;;;;;;00;;;;;;;A03ZJ;Doner kebab;A03VA;Composite dishes;A03VB;Dishes, incl. Ready to eat meals (excluding soups and salads);A03YY;Sandwiches, pizza and other stuffed bread-like cereal products;22;
40;9236;sandwich kebab frites;kebab avec frites;sandwich, kebab french fries;22;22;224;224;;;;;;00;;;;;;32;;;;;;;A03ZJ#F04.A011N$F22.A07SK;Doner kebab, Restaurant or fast food prepared,Fries (finger chips);A03VA;Composite dishes;A03VB;Dishes, incl. Ready to eat meals (excluding soups and salads);A03YY;Sandwiches, pizza and other stuffed bread-like cereal products;85;
40;9221;sandwich pain bagnat au thon;;sandwich, tuna;22;22;224;224;;;;;;17;;;;;;32;;;;;;;A03YZ#F22.A07SK$F28.A07KP;Sandwich and sandwich-like dishes, Restaurant or fast food prepared,Chilling;A03VA;Composite dishes;A03VB;Dishes, incl. Ready to eat meals (excluding soups and salads);A03YY;Sandwiches, pizza and other stuffed bread-like cereal products;1;
40;9225;sandwich poulet fromage blanc tomate salade;sandwich poulet kebab;sandwich, chicken cottage cheese tomato salad;22;22;224;224;;;;;;17;;;;;;06;;;;;;03;A03ZJ#F04.A01SP$F04.A02QK$F04.A0DLB$F04.A0DMX$F22.A07SH$F28.A07KP;Doner kebab, Food industry prepared,Chicken fresh meat,Quark,Lettuces and similar-,Tomatoes,Chilling;A03VA;Composite dishes;A03VB;Dishes, incl. Ready to eat meals (excluding soups and salads);A03YY;Sandwiches, pizza and other stuffed bread-like cereal products;1;
40;9226;sandwich poulet fromage oeuf moutarde;;sandwich, chicken cheese egg mustard;22;22;224;224;;;;;;99;;;;;;08;;;;;;;A03YZ#F04.A01SP$F04.A02QE$F04.A032B$F04.A044G$F22.A07SY$F28.A07HS;Sandwich and sandwich-like dishes, Prepared by artisan,Chicken fresh meat,Cheese,Boiled eggs,Mustard and related sauces,Raw, no heat treatment;A03VA;Composite dishes;A03VB;Dishes, incl. Ready to eat meals (excluding soups and salads);A03YY;Sandwiches, pizza and other stuffed bread-like cereal products;41;
40;9224;sandwich poulet oignon raisin mayonnaise curry;sandwich poulet à l'indienne;sandwich, chicken onion wine fruit mayonnaise curry;22;22;224;224;;;;;;17;;;;;;06;;;;;;03;A03ZG#F04.A01SP$F04.A00HC$F04.A01DV$F04.A044X$F22.A07SH$F28.A07KP;Sandwich with meat and vegetable topping/filling, Food industry prepared,Chicken fresh meat,Onions,Grapes and similar fruits,Mayonnaise sauce,Chilling;A03VA;Composite dishes;A03VB;Dishes, incl. Ready to eat meals (excluding soups and salads);A03YY;Sandwiches, pizza and other stuffed bread-like cereal products;1;
40;9219;sandwich pâté cornichon;;sandwich, pate gherkin;22;22;224;224;;;;;;99;;;;;;08;;;;;;;A03YZ#F04.A00JP$F04.A03XH$F22.A07SY$F28.A07HS;Sandwich and sandwich-like dishes, Prepared by artisan,Gherkins,Meat terrine,Raw, no heat treatment;A03VA;Composite dishes;A03VB;Dishes, incl. Ready to eat meals (excluding soups and salads);A03YY;Sandwiches, pizza and other stuffed bread-like cereal products;109;
40;3869;soufflé apéritif bacon au blé type peppi's bacon;peppi's (biscuit apéritif);peppi's bacon;18;18;181;181;1813;1813;;;;;;;;01;05;;;;01;;;;A0EQV#F04.A06KJ$F10.A077A$F10.A0CJK$F19.A07PR;Puffs/curls-type extruded snack, Bacon flavour,Full fat,With added salt,Plastic;A03VA;Composite dishes;A0EZX;Fried or extruded cereal or root-based products;A0EQY;Chips, crisps, fries and dough-based analogues;1;
40;652;soufflé apéritif n.s.;assortiment de soufflés apéritif n.s., biscuit apéritif soufflé n.s., mélange de soufflés apéritif n.s.;aperitifs biscuits souffles n.s.;18;18;181;181;1813;1813;;;;;;;;00;00;;;;00;;;;A0EQV;Puffs/curls-type extruded snack;A03VA;Composite dishes;A0EZX;Fried or extruded cereal or root-based products;A0EQY;Chips, crisps, fries and dough-based analogues;14;
40;3865;soufflé apéritif à base de maïs et pommes de terre type fritelles;fritelle (biscuit apéritif);fritelles;18;18;181;181;1813;1813;;;;;;;;01;13;;;;01;;;;A0EQV#F04.A000T$F04.A011C$F10.A077A$F10.A0CJK$F19.A07PH;Puffs/curls-type extruded snack, Maize grain,Dried potato products,Full fat,With added salt,Aluminium;A03VA;Composite dishes;A0EZX;Fried or extruded cereal or root-based products;A0EQY;Chips, crisps, fries and dough-based analogues;8;
40;3867;soufflé apéritif à base de maïs type 3d;3d (biscuit apéritif);buggles3d's buggles;18;18;181;181;1813;1813;;;;;;;;01;13;;;;01;;;;A00FE#F10.A077A$F10.A0CJK$F19.A07PH;Corn curls, Full fat,With added salt,Aluminium;A03VA;Composite dishes;A0EZX;Fried or extruded cereal or root-based products;A0EQY;Chips, crisps, fries and dough-based analogues;33;
40;3866;soufflé apéritif à base de maïs type croustilles;croustille (biscuit apéritif);croustilles;18;18;181;181;1813;1813;;;;;;;;01;13;;;;01;;;;A00FE#F10.A077A$F10.A0CJK$F19.A07PH;Corn curls, Full fat,With added salt,Aluminium;A03VA;Composite dishes;A0EZX;Fried or extruded cereal or root-based products;A0EQY;Chips, crisps, fries and dough-based analogues;25;
40;664;soufflé apéritif à base de maïs type curly;curly;curly;18;18;181;181;1813;1813;;;;;;;;01;13;;;;01;;;;A00FE#F10.A077A$F10.A0CJK$F19.A07PH;Corn curls, Full fat,With added salt,Aluminium;A03VA;Composite dishes;A0EZX;Fried or extruded cereal or root-based products;A0EQY;Chips, crisps, fries and dough-based analogues;97;
40;3868;soufflé apéritif à base de pommes de terre type monster munch;monster munch;monster munch;18;18;181;181;1813;1813;;;;;;;;01;13;;;;01;;;;A0EQV#F04.A00ZT$F10.A077A$F10.A0CJK$F19.A07PH;Puffs/curls-type extruded snack, Potatoes,Full fat,With added salt,Aluminium;A03VA;Composite dishes;A0EZX;Fried or extruded cereal or root-based products;A0EQY;Chips, crisps, fries and dough-based analogues;58;
40;9252;supreme cheese;;hamburger, supreme cheese;22;22;224;224;;;;;;99;;;;;;32;;;;;;;A03ZL#F04.A02YK$F04.A049S$F22.A07SK$F28.A07HS;Hamburger with bread, Restaurant or fast food prepared,Cheese, cheddar,Bovine, minced meat,Raw, no heat treatment;A03VA;Composite dishes;A03VB;Dishes, incl. Ready to eat meals (excluding soups and salads);A03YY;Sandwiches, pizza and other stuffed bread-like cereal products;57;
40;692;tuile de pommes de terre salée type pringles;pringles, crunchips;tuiles salees;18;18;181;181;1811;1811;;;;;;;;01;07;;;;01;;;;A0BYT#F10.A077A$F10.A0CJK$F18.A07NZ$F19.A07PV;Potato crisps from dough, Full fat,With added salt,Flexible formed container,Laminated paperboard–plastic-metal;A03VA;Composite dishes;A0EZX;Fried or extruded cereal or root-based products;A0EQY;Chips, crisps, fries and dough-based analogues;116;
40;9492;wrap jambon concombre fromage sauce yaourt;;wrap, ham cucumber cheese sauce yoghurt;22;22;224;224;;;;;;99;;;;;;03;;;;;;;A03ZG#F04.A023K$F04.A00JM$F04.A02QE$F04.A02NE$F22.A07SS$F28.A07HS;Sandwich with meat and vegetable topping/filling, Home prepared (family, social networks, proxies),Cooked pork ham,Cucumbers,Cheese,Yoghurt,Raw, no heat treatment;A03VA;Composite dishes;A03VB;Dishes, incl. Ready to eat meals (excluding soups and salads);A03YY;Sandwiches, pizza and other stuffed bread-like cereal products;158;
