6;1260;baba au rhum;;baba with rhum;12;12;121;121;1212;1212;;;;;;B5;;;;00;;;;;;;A00BT#F04.A03PJ;Brioche type products, Rum;A000J;Grains and grain-based products;A009T;Fine bakery wares;A00BK;Yeast leavened pastry;14;
6;1296;baklava;;baklava;12;12;121;121;1210;1210;;;;;;;;;99;08;;;;;;;A00CH#F22.A07SY;Baklava, Prepared by artisan;A000J;Grains and grain-based products;A009T;Fine bakery wares;A00CC;Puff pastry;1;
6;2590;barre diététique enrichie en vitamines minéraux;;dietetic bar enriched vitamins and minerals;12;12;122;122;1222;1222;;;;;;;02;01;00;06;;;;;;;A009V#F09.A0EVG$F09.A0EVF$F10.A077A$F10.A077J;Biscuits, Vitamins,Chemical elements,Full fat,With added sugar;A000J;Grains and grain-based products;A009T;Fine bakery wares;A009V;Biscuits;4;
6;2587;barre diététique fourrée;;dietetic bar filled;12;12;122;122;1222;1222;;;;;;55;02;01;00;06;;;;;;;A00AE#F04.A01HG$F10.A077A$F10.A077J$F23.A07TP$F28.A07MA;Biscuit with inclusions, filling or coating, Figs,Full fat,With added sugar,Special diets,Filling;A000J;Grains and grain-based products;A009T;Fine bakery wares;A009V;Biscuits;2;
6;1836;barre diététique n.s.;;dietetic bar n.s.;12;12;122;122;1222;1222;;;;;;;02;01;05;06;;;;;;;A009V#F10.A077A$F10.A077J$F19.A07PR$F23.A07TP;Biscuits, Full fat,With added sugar,Plastic,Special diets;A000J;Grains and grain-based products;A009T;Fine bakery wares;A009V;Biscuits;4;
6;2260;barre fourrée de chocolat type pépito pockitos;pépito pockitos;chocolate filled bar like pépito pockitos;12;12;122;122;1221;1221;;;;;;01;;;05;;;;;;;;A00AE#F19.A07PR$F28.A07MA$F28.A07HP;Biscuit with inclusions, filling or coating, Plastic,Filling,Chocolate coating;A000J;Grains and grain-based products;A009T;Fine bakery wares;A009V;Biscuits;4;
6;2598;bavarois au chocolat;;bavarois, chocolate;12;12;121;121;1212;1212;;;;;;01;;;99;08;;;;;;;A00AQ#F04.A0EQD$F22.A07SY$F28.A07LE;Sponge cake, Prepared by artisan,Chocolate and similar,Aerating / whipping;A000J;Grains and grain-based products;A009T;Fine bakery wares;A00AN;Cakes;1;
6;2599;bavarois aux fruits;;bavarois, fruits;12;12;121;121;1212;1212;;18;;;;34,64,52,49,58;;;05;06;;;;;;00;A00AQ#F03.A06HY$F04.A01QP$F04.A01EP$F04.A01DP$F04.A01GG$F04.A01LC$F04.A0DRG$F19.A07PR$F22.A07SH$F28.A07LE;Sponge cake, Whole/unsplit form, including artificial forms,Food industry prepared,Fruit preparations for fillings and/or flavouring,Raspberries (red and yellow),Pears,Cherries and similar-,Cavendishes,Kiwi fruits and similar-,Plastic,Aerating / whipping;A000J;Grains and grain-based products;A009T;Fine bakery wares;A00AN;Cakes;21;
6;2600;bavarois aux fruits et chocolat;;bavarois, fruits and chocolate;12;12;121;121;1212;1212;;;;;;52,5F,01;;;;03;;;;;;;A00AQ#F04.A01QP$F04.A0EQD$F04.A01GG$F04.A0DTY$F22.A07SS$F28.A07LE;Sponge cake, Home prepared (family, social networks, proxies),Fruit preparations for fillings and/or flavouring,Chocolate and similar,Cherries and similar-,Blackberries and similar-,Aerating / whipping;A000J;Grains and grain-based products;A009T;Fine bakery wares;A00AN;Cakes;3;
6;1341;bavarois n.s.;;bavarois n.s.;12;12;121;121;1212;1212;;;;;;;;;00;08;;;;;;;A00AQ#F04.A01QP$F22.A07SY$F28.A07LE;Sponge cake, Prepared by artisan,Fruit preparations for fillings and/or flavouring,Aerating / whipping;A000J;Grains and grain-based products;A009T;Fine bakery wares;A00AN;Cakes;2;
6;2614;beignet sucré aux fruits (avec morceaux de fruits);;beignet with fruit (fruit pieces coated with paste;12;12;121;121;1215;1215;;;;;;49;;;;03;;;;;00;;A00AJ#F04.A01QP$F04.A02LT$F04.A01LC$F22.A07SS$F28.A07MA;Beignets, Home prepared (family, social networks, proxies),Fruit preparations for fillings and/or flavouring,Milk,Cavendishes,Filling;A000J;Grains and grain-based products;A009T;Fine bakery wares;A00AG;Choux pastry;18;
6;1317;beignet sucré fourré au chocolat;donut fourré au chocolat;beignet filled with chocolate;12;12;121;121;1215;1215;;;;;;01;;;13;06;;;;;;;A00AJ#F04.A0EQD$F19.A07PH$F22.A07SH$F28.A07MA;Beignets, Food industry prepared,Chocolate and similar,Aluminium,Filling;A000J;Grains and grain-based products;A009T;Fine bakery wares;A00AG;Choux pastry;39;
6;1921;beignet sucré fourré à la compote de fruits;donut fourré à la compote de fruits;beignet filled with fruit pureed;12;12;121;121;1215;1215;;;;;;47;;;05;06;;;;;;;A00AJ#F04.A01PF$F19.A07PR$F22.A07SH$F28.A07MA;Beignets, Food industry prepared,Fruit compote, apple,Plastic,Filling;A000J;Grains and grain-based products;A009T;Fine bakery wares;A00AG;Choux pastry;32;
6;1299;beignet sucré fourré à la confiture;donut fourré à la confiture;beignet filled with jam;12;12;121;121;1215;1215;;;;;;69;;;05;06;;;;;;;A00AJ#F04.A01MN$F19.A07PR$F22.A07SH$F28.A07MA;Beignets, Food industry prepared,Jam, strawberries,Plastic,Filling;A000J;Grains and grain-based products;A009T;Fine bakery wares;A00AG;Choux pastry;13;
6;1298;beignet sucré fourré à la crème;donut fourré à la crème;beignet filled with cream;12;12;121;121;1215;1215;;;;;;FN;;;99;08;;;;;;;A00AJ#F04.A02PX$F22.A07SY$F28.A07MA;Beignets, Prepared by artisan,Custard,Filling;A000J;Grains and grain-based products;A009T;Fine bakery wares;A00AG;Choux pastry;1;
6;2613;beignet sucré fourré à la pâte à tartiner (nutella);donut fourré à la pâte à tartiner (nutella);beignet filled with chocolate paste;12;12;121;121;1215;1215;;;;;;L3;;;05;06;;;;;;;A00AJ#F04.A0C6P$F19.A07PR$F22.A07SH$F28.A07MA;Beignets, Food industry prepared,Chocolate spread,Plastic,Filling;A000J;Grains and grain-based products;A009T;Fine bakery wares;A00AG;Choux pastry;5;
6;2319;beignet sucré n.s.;donut n.s.;beignet n.s.;12;12;121;121;1215;1215;;;;;;;;;;32;;;;;;;A00AJ#F22.A07SK$F26.A07XE;Beignets, Restaurant or fast food prepared,Other;A000J;Grains and grain-based products;A009T;Fine bakery wares;A00AG;Choux pastry;14;
6;5217;beignet sucré nappé;;beignet, sugar coated;12;12;121;121;1215;1215;;;;;;;;;00;06;;;;;;;A00AJ#F22.A07SH$F26.A07XE;Beignets, Food industry prepared,Other;A000J;Grains and grain-based products;A009T;Fine bakery wares;A00AG;Choux pastry;2;
6;2615;beignet sucré nappé de chocolat;donut nappé de chocolat;beignet coated with chocolate;12;12;121;121;1215;1215;;;;;;01;;;05;08;;;;;;;A00AJ#F19.A07PR$F22.A07SY$F28.A07HP;Beignets, Prepared by artisan,Plastic,Chocolate coating;A000J;Grains and grain-based products;A009T;Fine bakery wares;A00AG;Choux pastry;17;
6;1297;beignet sucré nature;donut nature;beignet plain sweetened;12;12;121;121;1215;1215;;;;;;99;;;;22;;;;;;;A00AJ#F22.A07SQ;Beignets, Canteen / localized catering prepared;A000J;Grains and grain-based products;A009T;Fine bakery wares;A00AG;Choux pastry;47;
6;1357;biscuit au chocolat n.s.;;biscuits with chocolate n.s.;12;12;122;122;1221;1221;;;;;;01;;01;00;;;;;;;;A009Z#F10.A077A;Biscuits, chocolate, Full fat;A000J;Grains and grain-based products;A009T;Fine bakery wares;A009V;Biscuits;76;
6;1397;biscuit au son de blé;;biscuit with wheat bran;12;12;122;122;1222;1222;;;;;;4F;02;01;05;;;;;;;;A00AE#F04.A004P$F04.A0EQD$F10.A077A$F10.A077J$F19.A07PR$F23.A07TP;Biscuit with inclusions, filling or coating, Wheat bran,Chocolate and similar,Full fat,With added sugar,Plastic,Special diets;A000J;Grains and grain-based products;A009T;Fine bakery wares;A009V;Biscuits;5;
6;2107;biscuit aux fruits et son;;biscuit, fruit and bran;12;12;122;122;1222;1222;;;;;;47,43;02;01;00;;;;;;;;A00AE#F04.A01QP$F04.A002C$F04.A01DJ$F04.A014L$F10.A077A$F10.A077J$F23.A07TP;Biscuit with inclusions, filling or coating, Fruit preparations for fillings and/or flavouring,Cereal bran,Apples,Hazelnuts,Full fat,With added sugar,Special diets;A000J;Grains and grain-based products;A009T;Fine bakery wares;A009V;Biscuits;4;
6;1861;biscuit croquant aux amandes;croquant aux amandes;biscuit with almonds;12;12;122;122;1221;1221;;;;;;45;;;05;;;;;;;;A00AE#F04.A0DYP$F19.A07PR;Biscuit with inclusions, filling or coating, Almonds and similar-,Plastic;A000J;Grains and grain-based products;A009T;Fine bakery wares;A009V;Biscuits;8;
6;1913;biscuit croquant à la cassonade type spéculoos;spéculoos;speculoos;12;12;122;122;1221;1221;;;;;;ZK;;;05;;;;;;;;A00AD#F19.A07PR;Speculaas, Plastic;A000J;Grains and grain-based products;A009T;Fine bakery wares;A009V;Biscuits;204;
6;1826;biscuit diététique au soja;;cookie diet with soy;12;12;122;122;1222;1222;;;;;;62;04;01;00;06;;;;;;;A009X#F04.A0DCH$F04.A01CP$F10.A077A$F10.A077M$F23.A07TP;Biscuits, sweet, plain, Soyabeans for consumption (dry),Oranges and similar-,Full fat,Low / Reduced sugar,Special diets;A000J;Grains and grain-based products;A009T;Fine bakery wares;A009V;Biscuits;4;
6;2714;biscuit diététique aux céréales;;cookie diet with cereals;12;12;122;122;1222;1222;;;;;;99;04;05;00;06;;;;;;;A009X#F04.A001X$F10.A077C$F10.A077M$F23.A07TP;Biscuits, sweet, plain, Mixture of grains,Low fat (naturally or reduced),Low / Reduced sugar,Special diets;A000J;Grains and grain-based products;A009T;Fine bakery wares;A009V;Biscuits;12;
6;2715;biscuit diététique aux céréales complètes;;cookie diet with wholegrain cereals;12;12;122;122;1222;1222;;;;;;87;04;05;05;06;;;;;;;A00AE#F04.A001X$F04.A034J$F10.A06HR$F10.A077C$F10.A077M$F19.A07PR$F23.A07TP;Biscuit with inclusions, filling or coating, Mixture of grains,Milk chocolate,Integral /not refined,Low fat (naturally or reduced),Low / Reduced sugar,Plastic,Special diets;A000J;Grains and grain-based products;A009T;Fine bakery wares;A009V;Biscuits;3;
6;2717;biscuit diététique aux fruits;;cookie diet with fruits;12;12;122;122;1222;1222;;;;;;55;02;01;00;06;;;;;;;A009V#F04.A01QP$F04.A01HG$F10.A077A$F10.A077J$F23.A07TP;Biscuits, Fruit preparations for fillings and/or flavouring,Figs,Full fat,With added sugar,Special diets;A000J;Grains and grain-based products;A009T;Fine bakery wares;A009V;Biscuits;3;
6;1401;biscuit diététique aux germes de blé;;cookie diet with wheat germ;12;12;122;122;1222;1222;;;;;;ZF;04;05;00;06;;;;;;;A009X#F04.A004Q$F10.A077C$F10.A077M$F23.A07TP;Biscuits, sweet, plain, Wheat germ,Low fat (naturally or reduced),Low / Reduced sugar,Special diets;A000J;Grains and grain-based products;A009T;Fine bakery wares;A009V;Biscuits;15;
6;2713;biscuit diététique aux graines;biscuit diététique au sésame;cookie diet with seeds;12;12;122;122;1222;1222;;;;;;4F;01;01;05;06;;;;;;;A00AE#F04.A015F$F04.A0EQD$F10.A077A$F10.A077K$F19.A07PR$F23.A07TP;Biscuit with inclusions, filling or coating, Oilseeds,Chocolate and similar,Full fat,Without added sugar,Plastic,Special diets;A000J;Grains and grain-based products;A009T;Fine bakery wares;A009V;Biscuits;15;
6;2707;biscuit diététique enrichi en fibres;;cookie diet enriched fibers;12;12;122;122;1222;1222;;;;;;99;00;00;12;06;;;;;;;A009X#F09.A0EVR$F19.A07PL$F23.A07TP;Biscuits, sweet, plain, Dietary fibre,Paper foil,Special diets;A000J;Grains and grain-based products;A009T;Fine bakery wares;A009V;Biscuits;1;
6;1396;biscuit diététique enrichi en son;;cookie diet enriched bran;12;12;122;122;1222;1222;;;;;;01;01;05;05;06;;;;;;;A00AE#F04.A002C$F04.A0EQD$F10.A077C$F10.A077K$F19.A07PR$F23.A07TP;Biscuit with inclusions, filling or coating, Cereal bran,Chocolate and similar,Low fat (naturally or reduced),Without added sugar,Plastic,Special diets;A000J;Grains and grain-based products;A009T;Fine bakery wares;A009V;Biscuits;1;
6;2711;biscuit diététique fourré;;cookie diet filled chocolate;12;12;122;122;1222;1222;;;;;;;00;00;05;06;;;;;;;A00AE#F19.A07PR$F23.A07TP$F28.A07MA;Biscuit with inclusions, filling or coating, Plastic,Special diets,Filling;A000J;Grains and grain-based products;A009T;Fine bakery wares;A009V;Biscuits;1;
6;1837;biscuit diététique n.s.;;cookie diet n.s.;12;12;122;122;1222;1222;;;;;;;02;01;05;06;;;;;;;A009X#F10.A077A$F10.A077J$F19.A07PR$F23.A07TP;Biscuits, sweet, plain, Full fat,With added sugar,Plastic,Special diets;A000J;Grains and grain-based products;A009T;Fine bakery wares;A009V;Biscuits;14;
6;2718;biscuit diététique petit déjeuner;;cookie diet for breakfast;12;12;122;122;1222;1222;;;;;;99;;;;06;;;;;;;A009V;Biscuits;A000J;Grains and grain-based products;A009T;Fine bakery wares;A009V;Biscuits;1;
6;2719;biscuit diététique sans gluten;;cookie diet without gluten;12;12;122;122;1222;1222;;;;;;;00;00;13;06;;;;;;;A009V#F10.A0B8L$F19.A07PH$F23.A07TP;Biscuits, Gluten free,Aluminium,Special diets;A000J;Grains and grain-based products;A009T;Fine bakery wares;A009V;Biscuits;4;
6;2705;biscuit diététique à teneur réduite en matières grasses;;cookie diet, glucid and lipid low;12;12;122;122;1222;1222;;;;;;4F;;05;05;06;;;;;;;A009V#F04.A0EQD$F19.A07PR;Biscuits, Chocolate and similar,Plastic;A000J;Grains and grain-based products;A009T;Fine bakery wares;A009V;Biscuits;1;
6;1841;biscuit diététique à teneur réduite en sucres;petit beurre pour diabétique vivis;cookie diet, glucid low;12;12;122;122;1222;1222;;;;;;00;04;00;05;06;;;;;;;A009X#F10.A077M$F19.A07PR$F23.A07TP;Biscuits, sweet, plain, Low / Reduced sugar,Plastic,Special diets;A000J;Grains and grain-based products;A009T;Fine bakery wares;A009V;Biscuits;2;
6;2351;biscuit feuilleté aux raisins type sirtaki;sirtaki;sirtaki, biscuit;12;12;122;122;1221;1221;;;;;;67;;;05;;;;;;;;A00AE#F04.A01ME$F12.A009L$F19.A07PR;Biscuit with inclusions, filling or coating, Dried vine fruits (raisins etc.),Laminated doughs,Plastic;A000J;Grains and grain-based products;A009T;Fine bakery wares;A009V;Biscuits;1;
6;1375;biscuit feuilleté n.s.;;biscuit flaky n.s.;12;12;122;122;1221;1221;;;;;;;;01;13;;;;;;;;A009V#F10.A077A$F12.A009L$F19.A07PH;Biscuits, Full fat,Laminated doughs,Aluminium;A000J;Grains and grain-based products;A009T;Fine bakery wares;A009V;Biscuits;2;
6;1369;biscuit fourré à la pâte de fruits type figolu;figolu;figolu;12;12;122;122;1221;1221;;;;;;55;;;05;;;;;;;;A00AE#F04.A01QP$F04.A01HG$F19.A07PR$F28.A07MA;Biscuit with inclusions, filling or coating, Fruit preparations for fillings and/or flavouring,Figs,Plastic,Filling;A000J;Grains and grain-based products;A009T;Fine bakery wares;A009V;Biscuits;10;
6;2729;biscuit minceur n.s. fourré;biscuit hyperprotéiné n.s. fourré, biscuit coupe faim n.s. fourré;diet biscuit filling n.s.;12;12;122;122;1222;1222;;;;;;;00;00;05,12;;;;;;;;A00AE#F04.A03SY$F19.A07PR$F19.A07PL$F23.A07TT$F28.A07MA;Biscuit with inclusions, filling or coating, Protein and amino acids supplements,Plastic,Paper foil,Weight reduction,Filling;A000J;Grains and grain-based products;A009T;Fine bakery wares;A009V;Biscuits;1;
6;2723;biscuit minceur sec;biscuit hyperprotéiné sec, biscuit coupe faim sec;diet popping biscuit;12;12;122;122;1222;1222;;;;;;25;01;05;13;;;;;;;;A009X#F04.A03SY$F04.A014K$F10.A077C$F10.A077K$F19.A07PH$F23.A07TT;Biscuits, sweet, plain, Protein and amino acids supplements,Coconuts,Low fat (naturally or reduced),Without added sugar,Aluminium,Weight reduction;A000J;Grains and grain-based products;A009T;Fine bakery wares;A009V;Biscuits;1;
6;1343;biscuit n.s.;;biscuits n.s.;12;12;122;122;1220;1220;;;;;;87;;01;05;06;;;;;;;A009V#F04.A034J$F10.A077A$F19.A07PR$F22.A07SH;Biscuits, Food industry prepared,Milk chocolate,Full fat,Plastic;A000J;Grains and grain-based products;A009T;Fine bakery wares;A009V;Biscuits;34;
6;2234;biscuit petit déjeuner aux céréales type belvita;;biscuit breakfast with cereals;12;12;122;122;1221;1221;;;;;;86;02;01;05;;;;;;;;A00AE#F04.A001X$F04.A034G$F10.A077A$F10.A077J$F19.A07PR;Biscuit with inclusions, filling or coating, Mixture of grains,Bitter chocolate,Full fat,With added sugar,Plastic;A000J;Grains and grain-based products;A009T;Fine bakery wares;A009V;Biscuits;117;
6;4248;biscuit petit déjeuner coeur fondant type belvita;belvita petit déjeuner coeur fondant;breakfast biscuit with tender heart;12;12;122;122;1221;1221;;;;;;87;02;01;05;;;;;;;;A00AE#F04.A034J$F10.A06HR$F10.A077A$F10.A077J$F19.A07PR;Biscuit with inclusions, filling or coating, Milk chocolate,Integral /not refined,Full fat,With added sugar,Plastic;A000J;Grains and grain-based products;A009T;Fine bakery wares;A009V;Biscuits;2;
6;2665;biscuit petit déjeuner n.s. type belvita;belvita petit déjeuner n.s.;breakfast biscuit n.s.;12;12;122;122;1221;1221;;;;;;;02;01;02;;;;;;;;A009V#F10.A077A$F10.A077J$F19.A07PQ;Biscuits, Full fat,With added sugar,Paperboard;A000J;Grains and grain-based products;A009T;Fine bakery wares;A009V;Biscuits;14;
6;2667;biscuit petit déjeuner nature type belvita;belvita petit déjeuner;breakfast biscuit nature;12;12;122;122;1221;1221;;;;;;99;01;01;00;;;;;;;;A009X#F10.A077A$F10.A077K;Biscuits, sweet, plain, Full fat,Without added sugar;A000J;Grains and grain-based products;A009T;Fine bakery wares;A009V;Biscuits;59;
6;4249;biscuit petit déjeuner tartine type belvita;belvita petit déjeuner le tartiné;breakfast biscuit tartine;12;12;122;122;1221;1221;;;;;;43;02;01;05;;;;;;;;A00AE#F04.A014L$F10.A06HR$F10.A077A$F10.A077J$F19.A07PR;Biscuit with inclusions, filling or coating, Hazelnuts,Integral /not refined,Full fat,With added sugar,Plastic;A000J;Grains and grain-based products;A009T;Fine bakery wares;A009V;Biscuits;7;
6;2668;biscuit petit déjeuner tout chocolat type belvita;belvita petit déjeuner tout chocolat;breakfast biscuit all chocolate;12;12;122;122;1221;1221;;;;;;01;;01;05;;;;;;;;A009Z#F10.A06HR$F10.A077A$F19.A07PR;Biscuits, chocolate, Integral /not refined,Full fat,Plastic;A000J;Grains and grain-based products;A009T;Fine bakery wares;A009V;Biscuits;26;
6;5220;biscuit sablé au chocolat;;chocolate shortbread cookie;12;12;122;122;1221;1221;;;;;;01;;;05;;;;;;;;A009V#F04.A0EQD$F19.A07PR;Biscuits, Chocolate and similar,Plastic;A000J;Grains and grain-based products;A009T;Fine bakery wares;A009V;Biscuits;1;
6;2650;biscuit sablé nappé de chocolat type sprits;sprits au chocolat;sprits coated  with milked chocolate;12;12;122;122;1221;1221;;;;;;01;;;05,02;;;;;;;;A00AE#F04.A0EQD$F19.A07PR$F19.A07PQ$F28.A07HP;Biscuit with inclusions, filling or coating, Chocolate and similar,Plastic,Paperboard,Chocolate coating;A000J;Grains and grain-based products;A009T;Fine bakery wares;A009V;Biscuits;24;
6;2649;biscuit sablé nature type sprits;sprits nature;sprits, plain;12;12;122;122;1221;1221;;;;;;99;;;99;;;;;;;;A009X;Biscuits, sweet, plain;A000J;Grains and grain-based products;A009T;Fine bakery wares;A009V;Biscuits;74;
6;1385;biscuit sablé type sprits n.s.;sprits n.s.;sprits n.s.;12;12;122;122;1221;1221;;;;;;;;;99;;;;;;;;A009V;Biscuits;A000J;Grains and grain-based products;A009T;Fine bakery wares;A009V;Biscuits;38;
6;2657;biscuit sec (classique) type petit beurre;petit beurre classique;petit beurre, regular;12;12;122;122;1221;1221;;;;;;;;;05,02;;;;;;;;A009Y#F19.A07PR$F19.A07PQ;Butter biscuits, Plastic,Paperboard;A000J;Grains and grain-based products;A009T;Fine bakery wares;A009V;Biscuits;235;
6;2203;biscuit sec au blé complet type petit beurre;petit beurre au blé complet;petit beurre wholemeal;12;12;122;122;1221;1221;;;;;;74;;;05;;;;;;;;A00AA#F04.A039C$F04.A015K$F19.A07PR;Biscuits, sweet, wheat wholemeal, Butter,Sesame seeds,Plastic;A000J;Grains and grain-based products;A009T;Fine bakery wares;A009V;Biscuits;8;
6;1374;biscuit sec aux oeufs type boudoir;boudoir;lady finger;12;12;122;122;1221;1221;;;;;;7E;;;10;;;;;;;;A009X#F03.A06JB$F19.A07PR;Biscuits, sweet, plain, Dices / sticks,Plastic;A000J;Grains and grain-based products;A009T;Fine bakery wares;A009V;Biscuits;11;
6;1373;biscuit sec aux oeufs à la cuillère;biscuit à la cuillère;sponge finger;12;12;122;122;1221;1221;;;;;;7E;;;10;;;;;;;;A009X#F04.A031G$F12.A009K$F19.A07PR;Biscuits, sweet, plain, Hen eggs,Sponge cake dough (génoise),Plastic;A000J;Grains and grain-based products;A009T;Fine bakery wares;A009V;Biscuits;19;
6;2655;biscuit sec croquant aux amandes nappé de chocolat type tuile;florentin, tuile aux amandes nappée de chocolat;biscuit with almonds coated with chocolate;12;12;122;122;1221;1221;;;;;;01,45;;;05;06;;;;;;;A00AE#F04.A0DYP$F19.A07PR$F22.A07SH$F28.A07HP;Biscuit with inclusions, filling or coating, Food industry prepared,Almonds and similar-,Plastic,Chocolate coating;A000J;Grains and grain-based products;A009T;Fine bakery wares;A009V;Biscuits;2;
6;1386;biscuit sec croquant aux amandes type tuile;tuile aux amandes;tuiles with almond;12;12;122;122;1221;1221;;;;;;45;;;99;08;;;;;;;A00AE#F04.A0DYP$F22.A07SY;Biscuit with inclusions, filling or coating, Prepared by artisan,Almonds and similar-;A000J;Grains and grain-based products;A009T;Fine bakery wares;A009V;Biscuits;14;
6;2654;biscuit sec croquant nature type tuile;tuile nature;biscuit like tuiles plain;12;12;122;122;1221;1221;;;;;;99;;;12;08;;;;;;;A00AA#F19.A07PL$F22.A07SY;Biscuits, sweet, wheat wholemeal, Prepared by artisan,Paper foil;A000J;Grains and grain-based products;A009T;Fine bakery wares;A009V;Biscuits;2;
6;2652;biscuit sec croquant type tuile n.s.;tuile n.s.;biscuit like tuiles n.s.;12;12;122;122;1221;1221;;;;;;;;01;13;06;;;;;;;A009V#F10.A077A$F19.A07PH$F22.A07SH;Biscuits, Food industry prepared,Full fat,Aluminium;A000J;Grains and grain-based products;A009T;Fine bakery wares;A009V;Biscuits;6;
6;2694;biscuit sec enrobé de chocolat;;dry coated chocolate biscuit;12;12;122;122;1221;1221;;;;;;01;;00;00;;;;;;;;A00AE#F28.A07HP;Biscuit with inclusions, filling or coating, Chocolate coating;A000J;Grains and grain-based products;A009T;Fine bakery wares;A009V;Biscuits;21;
6;2659;biscuit sec feuilleté nappé de chocolat type palmito;palmito au chocolat, petit coeur au chocolat;dry puff pastry biscuit like palmito chocolate n.s;12;12;122;122;1221;1221;;;;;;01;;;05;;;;;;;;A009Z#F12.A009L$F19.A07PR;Biscuits, chocolate, Laminated doughs,Plastic;A000J;Grains and grain-based products;A009T;Fine bakery wares;A009V;Biscuits;3;
6;2658;biscuit sec feuilleté nature type palmito;petit coeur nature, palmito nature;dry puff pastry biscuit like palmito nature;12;12;122;122;1221;1221;;;;;;99;;;11,02;;;;;;;;A009X#F12.A009L$F19.A07PH$F19.A07PQ;Biscuits, sweet, plain, Laminated doughs,Aluminium,Paperboard;A000J;Grains and grain-based products;A009T;Fine bakery wares;A009V;Biscuits;20;
6;1384;biscuit sec feuilleté type palmito n.s.;petit coeur n.s., palmito n.s.;dry puff pastry biscuit like palmito n.s.;12;12;122;122;1221;1221;;;;;;;;;00;;;;;;;;A009V#F12.A009L;Biscuits, Laminated doughs;A000J;Grains and grain-based products;A009T;Fine bakery wares;A009V;Biscuits;5;
6;1365;biscuit sec fourré au chocolat type kango;kango;dry chocolate filled biscuit like kango;12;12;122;122;1221;1221;;;;;;01;;;99;;;;;;;;A00AE#F04.A0EQD$F28.A07MA;Biscuit with inclusions, filling or coating, Chocolate and similar,Filling;A000J;Grains and grain-based products;A009T;Fine bakery wares;A009V;Biscuits;200;
6;2674;biscuit sec fourré aux fruits;;dry biscuit fruits filled;12;12;122;122;1221;1221;;;;;;69;;;00;;;;;;;;A00AE#F04.A01EA$F28.A07MA;Biscuit with inclusions, filling or coating, Strawberries,Filling;A000J;Grains and grain-based products;A009T;Fine bakery wares;A009V;Biscuits;6;
6;2699;biscuit sec fourré d'un coeur de lait type pépito mini rollos;pépito mini rollos;dry biscuit with milk like pépito mini rollos;12;12;122;122;1221;1221;;;;;;CA;;;05;;;;;;;;A00AE#F04.A04HG$F19.A07PR$F28.A07MA;Biscuit with inclusions, filling or coating, Cattle milk,Plastic,Filling;A000J;Grains and grain-based products;A009T;Fine bakery wares;A009V;Biscuits;3;
6;1364;biscuit sec fourré n.s.;;dry biscuit filling n.s.;12;12;122;122;1220;1220;;;;;;86;;01;05;06;;;;;;;A00AE#F04.A034G$F10.A077A$F19.A07PR$F22.A07SH$F28.A07MA;Biscuit with inclusions, filling or coating, Food industry prepared,Bitter chocolate,Full fat,Plastic,Filling;A000J;Grains and grain-based products;A009T;Fine bakery wares;A009V;Biscuits;65;
6;2348;biscuit sec fourré à la confiture type lunettes;;biscuit, short crust with jam;12;12;122;122;1221;1221;;;;;;83;;;10;;;;;;;;A00AE#F04.A01MM$F04.A04RK$F19.A07PR$F26.A07XE$F28.A07MA;Biscuit with inclusions, filling or coating, Other,Jam of fruit / vegetables,Fruit used as fruit,Plastic,Filling;A000J;Grains and grain-based products;A009T;Fine bakery wares;A009V;Biscuits;4;
6;1345;biscuit sec n.s.;;dry biscuit n.s.;12;12;122;122;1220;1220;;;;;;4F;;01;00;06;;;;;;;A009V#F04.A0EQD$F10.A077A$F22.A07SH;Biscuits, Food industry prepared,Chocolate and similar,Full fat;A000J;Grains and grain-based products;A009T;Fine bakery wares;A009V;Biscuits;74;
6;2686;biscuit sec nappé de chocolat type granola;dinosaurus, granola, pépito;dry coated chocolate biscuit like granola;12;12;122;122;1221;1221;;;;;;01;;;00;;;;;;;;A00AE#F28.A07HP;Biscuit with inclusions, filling or coating, Chocolate coating;A000J;Grains and grain-based products;A009T;Fine bakery wares;A009V;Biscuits;244;
6;2644;biscuit sec nappé n.s.;;coated dry biscuit n.s.;12;12;122;122;1220;1220;;;;;;86;;01;05;06;;;;;;;A00AE#F10.A077A$F19.A07PR$F22.A07SH$F28.A07HP;Biscuit with inclusions, filling or coating, Food industry prepared,Full fat,Plastic,Chocolate coating;A000J;Grains and grain-based products;A009T;Fine bakery wares;A009V;Biscuits;13;
6;2679;biscuit sec recouvert d'une tablette de chocolat type petit écolier;petit écolier, délichoc;dry coated chocolate bar biscuit like petit ecolie;12;12;122;122;1221;1221;;;;;;01;;;10;;;;;;;;A00AE#F04.A034J$F19.A07PR;Biscuit with inclusions, filling or coating, Milk chocolate,Plastic;A000J;Grains and grain-based products;A009T;Fine bakery wares;A009V;Biscuits;185;
6;2643;biscuit sec sucré n.s.;;sweetened dry biscuit n.s.;12;12;122;122;1220;1220;;;;;;87;;01;00;06;;;;;;;A009X#F04.A034J$F10.A077A$F22.A07SH;Biscuits, sweet, plain, Food industry prepared,Milk chocolate,Full fat;A000J;Grains and grain-based products;A009T;Fine bakery wares;A009V;Biscuits;23;
6;1350;biscuit sec type petit beurre n.s.;petit beurre n.s.;petit beurre n.s.;12;12;122;122;1221;1221;;;;;;;;;05,13;;;;;;;;A009Y#F19.A07PR$F19.A07PH;Butter biscuits, Plastic,Aluminium;A000J;Grains and grain-based products;A009T;Fine bakery wares;A009V;Biscuits;20;
6;2671;biscuit tartelette au chocolat;tartelette (biscuit) au chocolat;biscuit tartelette chocolate;12;12;122;122;1221;1221;;;;;;01;;;05;;;;;;;;A00AE#F04.A0EQD$F19.A07PR;Biscuit with inclusions, filling or coating, Chocolate and similar,Plastic;A000J;Grains and grain-based products;A009T;Fine bakery wares;A009V;Biscuits;6;
6;2672;biscuit tartelette aux fruits;tartelette (biscuit) aux fruits;biscuit tartelette fruit pulp;12;12;122;122;1221;1221;;;;;;48;;;00;;;;;;;;A00AE#F04.A01QP$F04.A01GF;Biscuit with inclusions, filling or coating, Fruit preparations for fillings and/or flavouring,Apricots;A000J;Grains and grain-based products;A009T;Fine bakery wares;A009V;Biscuits;34;
6;1367;biscuit à la confiture n.s.;;biscuits with jam n.s.;12;12;122;122;1221;1221;;;;;;14;;;00;;;;;;;;A00AE#F04.A01MM;Biscuit with inclusions, filling or coating, Jam of fruit / vegetables;A000J;Grains and grain-based products;A009T;Fine bakery wares;A009V;Biscuits;9;
6;2371;brioche aux pralines type saint genix;saint genix (brioche);brioche saint genix;12;12;121;121;1211;1211;;;;;;ZG;;;05;06;;;;;;;A00BT#F04.A0F0L$F19.A07PR$F22.A07SH;Brioche type products, Food industry prepared,Candied or sugar preserved nuts,Plastic;A000J;Grains and grain-based products;A009T;Fine bakery wares;A00BK;Yeast leavened pastry;16;
6;2807;brioche n.s.;;brioche n.s.;12;12;121;121;1211;1211;;;;;;;;;;03;;;;;;;A00BT#F04.A039C$F04.A03DL$F22.A07SS;Brioche type products, Home prepared (family, social networks, proxies),Butter,Tap water;A000J;Grains and grain-based products;A009T;Fine bakery wares;A00BK;Yeast leavened pastry;48;
6;1305;brioche ordinaire;galette des rois briochée, couronne des rois briochée;brioche normal;12;12;121;121;1211;1211;;;;;;4F;;;10;06;;;;;;99;A00BT#F04.A0EQD$F19.A07PR$F22.A07SH;Brioche type products, Food industry prepared,Chocolate and similar,Plastic;A000J;Grains and grain-based products;A009T;Fine bakery wares;A00BK;Yeast leavened pastry;1037;
6;2809;brioche perdue;;brioche perdue;12;12;121;121;1211;1211;;;;;;;;;;03;;;;;;;A00BT#F04.A02LV$F04.A031G$F22.A07SS$F28.A07GS;Brioche type products, Home prepared (family, social networks, proxies),Cow milk,Hen eggs,Pan frying / shallow frying;A000J;Grains and grain-based products;A009T;Fine bakery wares;A00BK;Yeast leavened pastry;2;
6;2808;brioche suisse;;brioche suiss;12;12;121;121;1211;1211;;;;;;;;;;03;;;;;;;A00BT#F22.A07SS;Brioche type products, Home prepared (family, social networks, proxies);A000J;Grains and grain-based products;A009T;Fine bakery wares;A00BK;Yeast leavened pastry;10;
6;1340;brioche à la crème pâtissière type chinois;chinois (brioche à la crème);brioche chinois filled;12;12;121;121;1211;1211;;;;;;ZI;;;99;08;;;;;;;A00BT#F04.A02PX$F22.A07SY$F28.A07MA;Brioche type products, Prepared by artisan,Custard,Filling;A000J;Grains and grain-based products;A009T;Fine bakery wares;A00BK;Yeast leavened pastry;23;
6;1586;brownie;;brownies;12;12;121;121;1214;1214;;18;;;;86,03;;;13;06;;;;;;99;A00BG#F03.A06HY$F04.A034G$F04.A035A$F19.A07PH$F22.A07SH;Chocolate cake, Whole/unsplit form, including artificial forms,Food industry prepared,Bitter chocolate,Caramel, soft,Aluminium;A000J;Grains and grain-based products;A009T;Fine bakery wares;A00AN;Cakes;101;
6;5119;bsissa;;bsissa;12;12;121;121;1210;1210;;;;;;;;;;00;;;;;;;A00CR#F04.A004S$F04.A018D$F04.A017Y;Spice cakes, Flour mix (like wheat/rye/barley/oats and other),Coriander seed,Anise seed;A000J;Grains and grain-based products;A009T;Fine bakery wares;A00CJ;Various pastry;2;
6;2813;buche pâtissière;;log pastry;12;12;121;121;1212;1212;;;;;;O1;;;05;06;;;;;;03;A00BB#F04.A02PX$F04.A03NT$F19.A07PR$F22.A07SH$F26.A07XE$F28.A07KP;Sponge cake roll, Food industry prepared,Other,Custard,Fruit liqueur,Plastic,Chilling;A000J;Grains and grain-based products;A009T;Fine bakery wares;A00AN;Cakes;33;
6;2815;bugne;;bugnes;12;12;121;121;1215;1215;;;;;;;;;05;06;;;;;;;A00AJ#F19.A07PR$F22.A07SH$F28.A07HN;Beignets, Food industry prepared,Plastic,Sugar coating;A000J;Grains and grain-based products;A009T;Fine bakery wares;A00AG;Choux pastry;32;
6;2301;bâtonnet fin nappé de chocolat type mikado;mikado;thin stick chocolate coated like mikado;12;12;122;122;1221;1221;;;;;;01;;;13;;;;;;;;A00AE#F03.A06JB$F19.A07PH$F28.A07HP;Biscuit with inclusions, filling or coating, Dices / sticks,Aluminium,Chocolate coating;A000J;Grains and grain-based products;A009T;Fine bakery wares;A009V;Biscuits;21;
6;2591;bâtonnet nappé de chocolat type finger;finger;stick chocolate coated finger;12;12;122;122;1221;1221;;;;;;01;;;05;;;;;;;;A00AE#F03.A06JB$F19.A07PR$F28.A07HP;Biscuit with inclusions, filling or coating, Dices / sticks,Plastic,Chocolate coating;A000J;Grains and grain-based products;A009T;Fine bakery wares;A009V;Biscuits;40;
6;5120;cake sans gluten;;gluten free cake;12;12;121;121;1214;1214;;18;;;;67;;;05;06;;;;;;99;A00AN#F03.A06HY$F04.A01ME$F10.A0B8L$F19.A07PR$F22.A07SH;Cakes, Whole/unsplit form, including artificial forms,Food industry prepared,Dried vine fruits (raisins etc.),Gluten free,Plastic;A000J;Grains and grain-based products;A009T;Fine bakery wares;A00AN;Cakes;1;
6;1953;cake sucré n.s.;gâteau n.s.;cake, long n.s.;12;12;121;121;1214;1214;;18;;;;S8;;;;25;;;;;;;A00AN#F03.A06HY$F04.A01GS$F22.A07SP;Cakes, Whole/unsplit form, including artificial forms,Restaurant prepared,Mirabelles;A000J;Grains and grain-based products;A009T;Fine bakery wares;A00AN;Cakes;347;
6;2443;cannelé;;cannele, cake;12;12;121;121;1215;1215;;18;;;;;;;;03;;;;;;;A00CJ#F03.A06HY$F04.A02LT$F22.A07SS$F26.A07XE;Various pastry, Whole/unsplit form, including artificial forms,Home prepared (family, social networks, proxies),Other,Milk;A000J;Grains and grain-based products;A009T;Fine bakery wares;A00CJ;Various pastry;23;
6;5121;chambord;;chambord;12;12;121;121;1212;1212;;;;;;;;;99;08;;;;;;;A00AY#F22.A07SY;Cream custard sponge cake, Prepared by artisan;A000J;Grains and grain-based products;A009T;Fine bakery wares;A00AN;Cakes;1;
6;1326;charlotte au chocolat;;charlotte with chocolat;12;12;121;121;1212;1212;;;;;;01;;;;03;;;;;;;A00BF#F22.A07SS;Chocolate-based cakes, Home prepared (family, social networks, proxies);A000J;Grains and grain-based products;A009T;Fine bakery wares;A00AN;Cakes;3;
6;1327;charlotte aux fruits (au fromage blanc);;charlotte with fruits (with fromage blanc);12;12;121;121;1212;1212;;;;;;69;;;;03;;;;;01;;A00BA#F04.A02QK$F04.A01EA$F21.A0C6S$F22.A07SS;Fruit cake, Home prepared (family, social networks, proxies),Quark,Strawberries,Back yard farming - growing;A000J;Grains and grain-based products;A009T;Fine bakery wares;A00AN;Cakes;5;
6;2893;charlotte aux fruits (à la crème fraîche);;charlotte with fruits (with creme fraiche);12;12;121;121;1212;1212;;;;;;69,34;;;;03;;;;;01;;A00BA#F04.A02NC$F04.A01EA$F04.A01EP$F21.A0C6S$F22.A07SS;Fruit cake, Home prepared (family, social networks, proxies),Créme fraiche and other mild variants of sour cream,Strawberries,Raspberries (red and yellow),Back yard farming - growing;A000J;Grains and grain-based products;A009T;Fine bakery wares;A00AN;Cakes;8;
6;2894;charlotte aux fruits (à la crème pâtissière);;charlotte with fruits (with custard);12;12;121;121;1212;1212;;;;;;69,5F,68;;;;03;;;;;03;;A00BA#F04.A02PX$F04.A01EA$F04.A0DTY$F04.A01FP$F22.A07SS;Fruit cake, Home prepared (family, social networks, proxies),Custard,Strawberries,Blackberries and similar-,Redcurrants;A000J;Grains and grain-based products;A009T;Fine bakery wares;A00AN;Cakes;4;
6;2895;charlotte aux fruits (à la mousse chocolat);;charlotte with fruits (with chocolate mousse);12;12;121;121;1212;1212;;;;;;64;;;;03;;;;;03;;A00BH#F04.A01DP$F22.A07SS;Chocolate cake with fruits, Home prepared (family, social networks, proxies),Pears;A000J;Grains and grain-based products;A009T;Fine bakery wares;A00AN;Cakes;1;
6;4243;charlotte aux fruits n.s.;;charlotte with fruits n.s.;12;12;121;121;1212;1212;;;;;;48;;;;03;;;;;03;;A00BA#F04.A01GF$F22.A07SS;Fruit cake, Home prepared (family, social networks, proxies),Apricots;A000J;Grains and grain-based products;A009T;Fine bakery wares;A00AN;Cakes;7;
6;1335;chausson aux fruits type chausson aux pommes;;chausson with fruits;12;12;121;121;1211;1211;;;;;;47;;;99;08;;;;;;;A00CF#F22.A07SY;Apple strudel, Prepared by artisan;A000J;Grains and grain-based products;A009T;Fine bakery wares;A00CC;Puff pastry;64;
6;2896;cheesecake;;cheesecake;12;12;121;121;1212;1212;;18;;;;59;;;;03;;;;;;;A00AS#F03.A06HY$F04.A01BY$F22.A07SS;Cream cheese cake, Whole/unsplit form, including artificial forms,Home prepared (family, social networks, proxies),Lemons;A000J;Grains and grain-based products;A009T;Fine bakery wares;A00AN;Cakes;18;
6;5122;chou nature (sans crème);;choux pastry, plain;12;12;121;121;1212;1212;;18;;;;99;;;;03;;;;;;;A00AG#F03.A06HY$F22.A07SS;Choux pastry, Whole/unsplit form, including artificial forms,Home prepared (family, social networks, proxies);A000J;Grains and grain-based products;A009T;Fine bakery wares;A00AG;Choux pastry;2;
6;2932;chou à la crème chantilly;;chou (pastry with chantilly);12;12;121;121;1212;1212;;;;;;ZJ;;;05;06;;;;;;03;A00AG#F04.A02MN$F19.A07PR$F22.A07SH$F28.A07MA$F28.A07KP;Choux pastry, Food industry prepared,Cream sprayable,Plastic,Filling,Chilling;A000J;Grains and grain-based products;A009T;Fine bakery wares;A00AG;Choux pastry;5;
6;2933;chou à la crème n.s.;;chou (pastry) n.s.;12;12;121;121;1212;1212;;;;;;FN;;;99;08;;;;;;;A00AG#F04.A02PX$F22.A07SY$F28.A07MA;Choux pastry, Prepared by artisan,Custard,Filling;A000J;Grains and grain-based products;A009T;Fine bakery wares;A00AG;Choux pastry;9;
6;1278;chou à la crème pâtissière;;chou (pastry with cream);12;12;121;121;1212;1212;;;;;;ZI;;;;22;;;;;;;A00AG#F04.A02PX$F22.A07SQ$F28.A07MA;Choux pastry, Canteen / localized catering prepared,Custard,Filling;A000J;Grains and grain-based products;A009T;Fine bakery wares;A00AG;Choux pastry;18;
6;1723;chouquette;;chouquette;12;12;121;121;1212;1212;;18;;;;;;;;03;;;;;;;A00AG#F03.A06HY$F04.A032J$F22.A07SS;Choux pastry, Whole/unsplit form, including artificial forms,Home prepared (family, social networks, proxies),White sugar;A000J;Grains and grain-based products;A009T;Fine bakery wares;A00AG;Choux pastry;12;
6;2162;christmas cake;;chrismas cake;12;12;121;121;1214;1214;;;;;;67,B3;;;10;06;;;;;;99;A00CR#F04.A01ME$F04.A035P$F19.A07PR$F22.A07SH;Spice cakes, Food industry prepared,Dried vine fruits (raisins etc.),Marzipan raw mass,Plastic;A000J;Grains and grain-based products;A009T;Fine bakery wares;A00CJ;Various pastry;1;
6;2201;cigarette russe enrobée de chocolat;;chocolate russian cigarette;12;12;122;122;1221;1221;;;;;;01;;;10;;;;;;;;A0BYR#F03.A06JB$F19.A07PR$F28.A07LH$F28.A07HP;Wafers, Dices / sticks,Plastic,Flattening / rolling,Chocolate coating;A000J;Grains and grain-based products;A009T;Fine bakery wares;A009V;Biscuits;2;
6;1394;cigarette russe n.s.;;russian cigarette n.s.;12;12;122;122;1221;1221;;;;;;;;;00;;;;;;;;A0BYR#F03.A06JB$F28.A07LH;Wafers, Dices / sticks,Flattening / rolling;A000J;Grains and grain-based products;A009T;Fine bakery wares;A009V;Biscuits;2;
6;2940;cigarette russe nature;;russian cigarette nature;12;12;122;122;1221;1221;;;;;;99;;;05;;;;;;;;A0BYR#F03.A06JB$F19.A07PR$F28.A07LH;Wafers, Dices / sticks,Plastic,Flattening / rolling;A000J;Grains and grain-based products;A009T;Fine bakery wares;A009V;Biscuits;15;
6;1289;clafoutis;;clafoutis;12;12;121;121;1210;1210;;18;;;;52;;;;03;;;;;01;;A02PY#F03.A06HY$F04.A02LT$F04.A01GG$F21.A0C6S$F22.A07SS;Starchy pudding, Whole/unsplit form, including artificial forms,Home prepared (family, social networks, proxies),Milk,Cherries and similar-,Back yard farming - growing;A02LR;Milk and dairy products;A02PT;Dairy dessert and similar;A02PV;Dairy desserts spoonable;106;
6;1390;congolais;rocher coco;congolais;12;12;121;121;1212;1212;;;;;;;;;;03;;;;;;;A00CP#F04.A014K$F22.A07SS;Meringue, Home prepared (family, social networks, proxies),Coconuts;A000J;Grains and grain-based products;A009T;Fine bakery wares;A00CJ;Various pastry;6;
6;1368;cookie n.s.;;cookie n.s.;12;12;122;122;1221;1221;;18;;;;Q8;;;05;06;;;;;;99;A00AE#F03.A06HY$F04.A035Y$F19.A07PR$F22.A07SH;Biscuit with inclusions, filling or coating, Whole/unsplit form, including artificial forms,Food industry prepared,Brittle mass,Plastic;A000J;Grains and grain-based products;A009T;Fine bakery wares;A009V;Biscuits;85;
6;2973;cookie nature;;cookie, nature;12;12;122;122;1221;1221;;18;;;;25;;;05;06;;;;;;99;A009X#F03.A06HY$F04.A014K$F19.A07PR$F22.A07SH;Biscuits, sweet, plain, Whole/unsplit form, including artificial forms,Food industry prepared,Coconuts,Plastic;A000J;Grains and grain-based products;A009T;Fine bakery wares;A009V;Biscuits;128;
6;2974;cookie tout chocolat;;chocolate cookie;12;12;122;122;1221;1221;;18;;;;4F;;;05;08;;;;;;;A00AE#F03.A06HY$F04.A0EQD$F19.A07PR$F22.A07SY;Biscuit with inclusions, filling or coating, Whole/unsplit form, including artificial forms,Prepared by artisan,Chocolate and similar,Plastic;A000J;Grains and grain-based products;A009T;Fine bakery wares;A009V;Biscuits;81;
6;2194;corne de gazelle;;corne de gazelle;12;12;121;121;1210;1210;;;;;;;;;05;06;;;;;;99;A00CJ#F19.A07PR$F22.A07SH$F26.A07XE;Various pastry, Food industry prepared,Other,Plastic;A000J;Grains and grain-based products;A009T;Fine bakery wares;A00CJ;Various pastry;2;
6;5123;corniotte;;corniotte;12;12;121;121;1212;1212;;;;;;;;;99;08;;;;;;;A00AG#F22.A07SY;Choux pastry, Prepared by artisan;A000J;Grains and grain-based products;A009T;Fine bakery wares;A00AG;Choux pastry;2;
6;2996;craquant au chocolat mousseux;;craquant au chocolat mousseux;12;12;121;121;1212;1212;;;;;;01;;;99;08;;;;;;;A00BG#F04.A034S$F22.A07SY;Chocolate cake, Prepared by artisan,Pralines;A000J;Grains and grain-based products;A009T;Fine bakery wares;A00AN;Cakes;2;
6;2997;craquelin (brioche au sucre);;craquelin;12;12;121;121;1211;1211;;;;;;;;;02;06;;;;;;;A00BL#F04.A032J$F19.A07PQ$F22.A07SH;Buns, Food industry prepared,White sugar,Paperboard;A000J;Grains and grain-based products;A009T;Fine bakery wares;A00BK;Yeast leavened pastry;8;
6;2245;craquelin breton;échaudé breton;craquelin, breton;12;12;122;122;1221;1221;;;;;;;;;05;06;;;;;;;A009X#F19.A07PR$F22.A07SH;Biscuits, sweet, plain, Food industry prepared,Plastic;A000J;Grains and grain-based products;A009T;Fine bakery wares;A009V;Biscuits;2;
6;1307;croissant (classique);;croissant, normal;12;12;121;121;1211;1211;;;;;;;;;;22;;;;;;;A00CD#F22.A07SQ;Croissant from puff pastry, Canteen / localized catering prepared;A000J;Grains and grain-based products;A009T;Fine bakery wares;A00CC;Puff pastry;118;
6;3033;croissant au beurre;;croissant, butter;12;12;121;121;1211;1211;;;;;;;;;05;06;;;;;;99;A00CD#F04.A039C$F19.A07PR$F22.A07SH;Croissant from puff pastry, Food industry prepared,Butter,Plastic;A000J;Grains and grain-based products;A009T;Fine bakery wares;A00CC;Puff pastry;233;
6;1324;croissant aux amandes;;croissant amandes;12;12;121;121;1211;1211;;;;;;45;;;99;06;;;;;;;A00CD#F04.A014D$F22.A07SH;Croissant from puff pastry, Food industry prepared,Almonds;A000J;Grains and grain-based products;A009T;Fine bakery wares;A00CC;Puff pastry;8;
6;3034;croissant n.s.;;croissant n.s.;12;12;121;121;1211;1211;;;;;;;;;;25;;;;;;;A00CD#F22.A07SP;Croissant from puff pastry, Restaurant prepared;A000J;Grains and grain-based products;A009T;Fine bakery wares;A00CC;Puff pastry;8;
6;3036;croquant au chocolat;;croquant au chocolat;12;12;121;121;1212;1212;;;;;;01;;;;03;;;;;;;A00BF#F22.A07SS;Chocolate-based cakes, Home prepared (family, social networks, proxies);A000J;Grains and grain-based products;A009T;Fine bakery wares;A00AN;Cakes;2;
6;3037;croquant aux noisettes;;croquant aux noisettes;12;12;121;121;1212;1212;;;;;;43;;;;03;;;;;00;;A00AZ#F22.A07SS;Nut cream cake, Home prepared (family, social networks, proxies);A000J;Grains and grain-based products;A009T;Fine bakery wares;A00AN;Cakes;1;
6;5127;croustade;;puff pastry;12;12;121;121;1212;1212;;;;;;;;;;03;;;;;03,01,02;;A00CC#F21.A0C6S$F21.A07RY$F22.A07SS;Puff pastry, Home prepared (family, social networks, proxies),Back yard farming - growing,Wild or gathered or hunted;A000J;Grains and grain-based products;A009T;Fine bakery wares;A00CC;Puff pastry;4;
6;2154;crumble aux fruit;;crumble with fruits;12;12;121;121;1212;1212;;18;;;;47,58;;;;03;;;;;03;;A00BZ#F03.A06HY$F04.A01DJ$F04.A0DRG$F22.A07SS$F26.A07XE;Fruit pie-tarts, Whole/unsplit form, including artificial forms,Home prepared (family, social networks, proxies),Other,Apples,Kiwi fruits and similar-;A000J;Grains and grain-based products;A009T;Fine bakery wares;A00BV;Shortcrust (pies -tarts);49;
6;3043;crumble aux fruits et chocolat;;crumble with fruits and chocolate;12;12;121;121;1212;1212;;18;;;;64,86;;;;03;;;;;01;;A00BZ#F03.A06HY$F04.A0EQD$F04.A039C$F04.A01DP$F04.A034G$F21.A0C6S$F22.A07SS$F26.A07XE;Fruit pie-tarts, Whole/unsplit form, including artificial forms,Home prepared (family, social networks, proxies),Other,Chocolate and similar,Butter,Pears,Bitter chocolate,Back yard farming - growing;A000J;Grains and grain-based products;A009T;Fine bakery wares;A00BV;Shortcrust (pies -tarts);4;
6;2242;crêpe dentelle enrobée de chocolat type gavotte;gavotte enrobée de chocolat;very thin pancake chocolate coated;12;12;122;122;1221;1221;;;;;;01;;;10,02;;;;;;;;A0BYR#F19.A07PR$F19.A07PQ$F28.A07HP;Wafers, Plastic,Paperboard,Chocolate coating;A000J;Grains and grain-based products;A009T;Fine bakery wares;A009V;Biscuits;4;
6;3030;crêpe dentelle fourrée au chocolat type gavotte;gavotte fourrée au chocolat;very thin pancake filled chocolate;12;12;122;122;1221;1221;;;;;;01;;;05;;;;;;;;A0BYR#F04.A0EQD$F19.A07PR$F28.A07MA;Wafers, Chocolate and similar,Plastic,Filling;A000J;Grains and grain-based products;A009T;Fine bakery wares;A009V;Biscuits;6;
6;3027;crêpe dentelle nature type gavotte;gavotte nature;very thin pancake like gavotte nature;12;12;122;122;1221;1221;;;;;;99;;;13;;;;;;;;A0BYR#F19.A07PH;Wafers, Aluminium;A000J;Grains and grain-based products;A009T;Fine bakery wares;A009V;Biscuits;8;
6;3025;crêpe dentelle type gavotte n.s.;gavotte n.s.;very thin pancake like gavotte n.s.;12;12;122;122;1221;1221;;;;;;;;;00;;;;;;;;A0BYR;Wafers;A000J;Grains and grain-based products;A009T;Fine bakery wares;A009V;Biscuits;3;
6;3022;crêpe fourrée type crêpe whaou;crêpe whaou (fourrée);pancake, thin like whaou;12;12;121;121;1215;1215;;;;;;;;;05;06;;;;;;99;A00CL#F04.A0C6P$F19.A07PR$F22.A07SH$F28.A07MA$F28.A07LH;Pancakes, Food industry prepared,Chocolate spread,Plastic,Filling,Flattening / rolling;A000J;Grains and grain-based products;A009T;Fine bakery wares;A00CJ;Various pastry;128;
6;2320;crêpe n.s.;;pancake, thin n.s.;12;12;121;121;1215;1215;;18;;;;;;;;03;;;;;;;A00CL#F03.A06HY$F04.A04SD$F04.A02LT$F22.A07SS;Pancakes, Whole/unsplit form, including artificial forms,Home prepared (family, social networks, proxies),Blended fat and oils,Milk;A000J;Grains and grain-based products;A009T;Fine bakery wares;A00CJ;Various pastry;80;
6;1757;crêpe à la farine de froment (classique);;pancakes, thin with wheat flour (de froment);12;12;121;121;1215;1215;;18;;;;;;;;03;;;;;;;A00CL#F03.A06HY$F04.A003Y$F04.A039H$F04.A02LT$F22.A07SS;Pancakes, Whole/unsplit form, including artificial forms,Home prepared (family, social networks, proxies),Wheat flour white,Functional vegetable margarines/fats,Milk;A000J;Grains and grain-based products;A009T;Fine bakery wares;A00CJ;Various pastry;398;
6;4244;cupcake;;cupcake;12;12;121;121;1214;1214;;;;;;W2;;;;03;;;;;;;A00AN#F04.A039C$F04.A02LT$F04.A00AD$F22.A07SS;Cakes, Home prepared (family, social networks, proxies),Butter,Milk,Speculaas;A000J;Grains and grain-based products;A009T;Fine bakery wares;A00AN;Cakes;15;
6;5128;duo chocolat;;chocolate cake;12;12;121;121;1212;1212;;18;;;;01;;;99;08;;;;;;;A00BG#F03.A06HY$F22.A07SY;Chocolate cake, Whole/unsplit form, including artificial forms,Prepared by artisan;A000J;Grains and grain-based products;A009T;Fine bakery wares;A00AN;Cakes;1;
6;3082;far aux fruits;;far with fruits;12;12;121;121;1210;1210;;;;;;47,66;;;;25;;;;;;;A02PY#F04.A04RK$F04.A01DJ$F04.A01MB$F22.A07SP;Starchy pudding, Restaurant prepared,Fruit used as fruit,Apples,Dried prunes;A02LR;Milk and dairy products;A02PT;Dairy dessert and similar;A02PV;Dairy desserts spoonable;5;
6;1263;far breton (aux pruneaux);;far breton;12;12;121;121;1210;1210;;;;;;66;;;;03;;;;;;;A02PY#F04.A01MB$F04.A02LT$F22.A07SS;Starchy pudding, Home prepared (family, social networks, proxies),Dried prunes,Milk;A02LR;Milk and dairy products;A02PT;Dairy dessert and similar;A02PV;Dairy desserts spoonable;24;
6;3088;feuilleté aux fruits;apfelstrudel, strudel aux fruits, oreillette aux fruits;feuillete with fruits;12;12;121;121;1212;1212;;;;;;34;;;99;08;;;;;;;A00CC#F04.A01EP$F22.A07SY;Puff pastry, Prepared by artisan,Raspberries (red and yellow);A000J;Grains and grain-based products;A009T;Fine bakery wares;A00CC;Puff pastry;5;
6;3094;financier;;financier;12;12;121;121;1214;1214;;18;;;;45;;;;25;;;;;;;A00AN#F03.A06HY$F04.A014D$F22.A07SP;Cakes, Whole/unsplit form, including artificial forms,Restaurant prepared,Almonds;A000J;Grains and grain-based products;A009T;Fine bakery wares;A00AN;Cakes;15;
6;1290;flan pâtissier avec pâte (flan parisien);;flan, with dough (parisien);12;12;121;121;1210;1210;;02;;;;99;;;00;06;;;;;;99;A00BX#F22.A07SH$F28.A07MR;Flan tart, Food industry prepared,Reconstitution from concentrate, powder or other dehydrated form;A000J;Grains and grain-based products;A009T;Fine bakery wares;A00BV;Shortcrust (pies -tarts);62;
6;3098;flan pâtissier sans pâte;;flan, without dough;12;12;121;121;1210;1210;;18;;;;03,04;;;05;06;;;;;;03;A02PY#F03.A06HY$F04.A035A$F04.A019H$F19.A07PR$F22.A07SH$F28.A07KP;Starchy pudding, Whole/unsplit form, including artificial forms,Food industry prepared,Caramel, soft,Vanilla,Plastic,Chilling;A02LR;Milk and dairy products;A02PT;Dairy dessert and similar;A02PV;Dairy desserts spoonable;41;
6;1585;fondant au chocolat;moelleux au chocolat;fondant au chocolat;12;12;121;121;1214;1214;;18;;;;01;;;;03;;;;;;;A00BG#F03.A06HY$F22.A07SS;Chocolate cake, Whole/unsplit form, including artificial forms,Home prepared (family, social networks, proxies);A000J;Grains and grain-based products;A009T;Fine bakery wares;A00AN;Cakes;102;
6;3108;fondant au chocolat avec coeur coulant;moelleux au chocolat avec coeur coulant;fondant au chocolat avec coeur coulant;12;12;121;121;1214;1214;;18;;;;01;;;05;06;;;;;;99;A00BG#F03.A06HY$F17.A0CQX$F19.A07PR$F22.A07SH;Chocolate cake, Whole/unsplit form, including artificial forms,Food industry prepared,Half-cooked,Plastic;A000J;Grains and grain-based products;A009T;Fine bakery wares;A00AN;Cakes;47;
6;2345;fondant à l'orange;;fondant, orange;12;12;121;121;1214;1214;;;;;;62;;;;03;;;;;;;A00AQ#F04.A0DZB$F04.A02LT$F22.A07SS;Sponge cake, Home prepared (family, social networks, proxies),Oranges,Milk;A000J;Grains and grain-based products;A009T;Fine bakery wares;A00AN;Cakes;1;
6;1280;forêt noire;;tart, black forest;12;12;121;121;1212;1212;;;;;;;;;00;08;;;;;;;A00AY#F04.A03PK$F04.A01GG$F04.A0EQD$F22.A07SY;Cream custard sponge cake, Prepared by artisan,Spirits made from stone fruits,Cherries and similar-,Chocolate and similar;A000J;Grains and grain-based products;A009T;Fine bakery wares;A00AN;Cakes;16;
6;1312;fraisier;;fraisier;12;12;121;121;1212;1212;;;;;;69;;;05;06;;;;;;99;A00AY#F04.A01EA$F19.A07PR$F22.A07SH;Cream custard sponge cake, Food industry prepared,Strawberries,Plastic;A000J;Grains and grain-based products;A009T;Fine bakery wares;A00AN;Cakes;32;
6;1313;framboisier;;framboisier;12;12;121;121;1212;1212;;;;;;34;;;;00;;;;;;;A00AY#F04.A01EN;Cream custard sponge cake, Raspberries and similar-;A000J;Grains and grain-based products;A009T;Fine bakery wares;A00AN;Cakes;14;
6;1353;galette bretonne;sablé de retz, galette saint michel, galette de pont aven, galette de fouesnant;galette;12;12;122;122;1221;1221;;;;;;;;;05;;;;;;;;A009Y#F19.A07PR;Butter biscuits, Plastic;A000J;Grains and grain-based products;A009T;Fine bakery wares;A009V;Biscuits;189;
6;5129;galette des rois au chocolat;;puffed pastry, chocolate paste;12;12;121;121;1212;1212;;;;;;01;;;;22;;;;;;;A00CC#F04.A034Q$F04.A0EQD$F22.A07SQ;Puff pastry, Canteen / localized catering prepared,Filled chocolate,Chocolate and similar;A000J;Grains and grain-based products;A009T;Fine bakery wares;A00CC;Puff pastry;1;
6;4242;galette des rois aux fruits;;king cake with fruits;12;12;121;121;1212;1212;;;;;;64;;;;03;;;;;01;;A00CC#F04.A01QP$F04.A01DP$F21.A0C6S$F22.A07SS;Puff pastry, Home prepared (family, social networks, proxies),Fruit preparations for fillings and/or flavouring,Pears,Back yard farming - growing;A000J;Grains and grain-based products;A009T;Fine bakery wares;A00CC;Puff pastry;8;
6;3163;gaufre de liège (avec cristaux de sucres);;waffle, liege with sugar crystals;12;12;121;121;1215;1215;;18;;;;ZK;;;;03;;;;;;;A00CQ#F03.A06HY$F04.A032J$F04.A039C$F22.A07SS;Waffles, Whole/unsplit form, including artificial forms,Home prepared (family, social networks, proxies),White sugar,Butter;A000J;Grains and grain-based products;A009T;Fine bakery wares;A00CJ;Various pastry;45;
6;3164;gaufre de liège nappée de chocolat;;waffle, liege coated with chocolate;12;12;121;121;1215;1215;;18;;;;01;;;;25;;;;;;;A00CQ#F03.A06HY$F22.A07SP$F28.A07HP;Waffles, Whole/unsplit form, including artificial forms,Restaurant prepared,Chocolate coating;A000J;Grains and grain-based products;A009T;Fine bakery wares;A00CJ;Various pastry;5;
6;5131;gaufre fourrée;;puffed waffle;12;12;121;121;1215;1215;;18;;;;01;;;99;08;;;;;;;A00CQ#F03.A06HY$F04.A0EQD$F22.A07SY$F28.A07MA;Waffles, Whole/unsplit form, including artificial forms,Prepared by artisan,Chocolate and similar,Filling;A000J;Grains and grain-based products;A009T;Fine bakery wares;A00CJ;Various pastry;1;
6;3166;gaufre fourrée à la vergeoise;;waffle, stuffed with sugar;12;12;121;121;1215;1215;;18;;;;ZK;;;13;06;;;;;;;A00CQ#F03.A06HY$F04.A034D$F19.A07PH$F22.A07SH$F28.A07MA;Waffles, Whole/unsplit form, including artificial forms,Food industry prepared,Sugar beet syrup,Aluminium,Filling;A000J;Grains and grain-based products;A009T;Fine bakery wares;A00CJ;Various pastry;4;
6;3167;gaufre lyonnaise;;waffle, lyon;12;12;121;121;1215;1215;;18;;;;;;;99;08;;;;;;;A00CQ#F03.A06HY$F22.A07SY;Waffles, Whole/unsplit form, including artificial forms,Prepared by artisan;A000J;Grains and grain-based products;A009T;Fine bakery wares;A00CJ;Various pastry;7;
6;5132;gaufre marbrée;;waffles, mixed plain chocolate;12;12;121;121;1215;1215;;18;;;;;;;05;06;;;;;;;A00CQ#F03.A06HY$F04.A0EQD$F19.A07PR$F22.A07SH;Waffles, Whole/unsplit form, including artificial forms,Food industry prepared,Chocolate and similar,Plastic;A000J;Grains and grain-based products;A009T;Fine bakery wares;A00CJ;Various pastry;1;
6;1302;gaufre n.s.;;waffle coated n.s.;12;12;121;121;1215;1215;;18;;;;;;;;32;;;;;;;A00CQ#F03.A06HY$F22.A07SK$F26.A07XE;Waffles, Whole/unsplit form, including artificial forms,Restaurant or fast food prepared,Other;A000J;Grains and grain-based products;A009T;Fine bakery wares;A00CJ;Various pastry;84;
6;3165;gaufre nappée de chocolat;;waffle, coated with chocolate;12;12;121;121;1215;1215;;18;;;;01;;;;00;;;;;;;A00CQ#F03.A06HY$F28.A07HP;Waffles, Whole/unsplit form, including artificial forms,Chocolate coating;A000J;Grains and grain-based products;A009T;Fine bakery wares;A00CJ;Various pastry;23;
6;1395;gaufre pour cornet de glace n.s.;;ice waffle n.s.;12;12;122;122;1221;1221;;;;;;;;;99;;;;;;;;A0BYR;Wafers;A000J;Grains and grain-based products;A009T;Fine bakery wares;A009V;Biscuits;2;
6;3168;gaufre pour cornet de glace, nature;;ice wafle nature;12;12;122;122;1221;1221;;;;;;99;;;00;;;;;;;;A0BYR;Wafers;A000J;Grains and grain-based products;A009T;Fine bakery wares;A009V;Biscuits;2;
6;3172;gaufre sèche du nord;;waffle, dry;12;12;122;122;1221;1221;;;;;;;;;05;;;;;;;;A0BYR#F19.A07PR;Wafers, Plastic;A000J;Grains and grain-based products;A009T;Fine bakery wares;A009V;Biscuits;1;
6;3176;gaufrette enrobée de chocolat type schoks;schocks;wafer coated dark chocolate like schoks;12;12;122;122;1221;1221;;;;;;01;;;05;;;;;;;;A0BYR#F19.A07PR$F28.A07HP;Wafers, Plastic,Chocolate coating;A000J;Grains and grain-based products;A009T;Fine bakery wares;A009V;Biscuits;23;
6;2450;gaufrette fourrée au chocolat;;wafer filled chocolate;12;12;122;122;1221;1221;;;;;;01;;;00;;;;;;;;A0BYR#F04.A0EQD$F28.A07MA;Wafers, Chocolate and similar,Filling;A000J;Grains and grain-based products;A009T;Fine bakery wares;A009V;Biscuits;31;
6;1389;gaufrette fourrée aux fruits type paille d'or;paille d'or;wafer filled fruits like paille d'or;12;12;122;122;1221;1221;;;;;;34;;;12;;;;;;;;A0BYR#F04.A01QP$F04.A01EP$F19.A07PL$F28.A07MA;Wafers, Fruit preparations for fillings and/or flavouring,Raspberries (red and yellow),Paper foil,Filling;A000J;Grains and grain-based products;A009T;Fine bakery wares;A009V;Biscuits;32;
6;1392;gaufrette fourrée à la crème type résille d'or;résille d'or;wafer filled cream;12;12;122;122;1221;1221;;;;;;04;;;00;;;;;;;;A00CQ#F04.A02MK$F04.A019H$F28.A07MA;Waffles, Cream and cream products,Vanilla,Filling;A000J;Grains and grain-based products;A009T;Fine bakery wares;A00CJ;Various pastry;8;
6;1380;gaufrette n.s.;;wafer n.s.;12;12;122;122;1221;1221;;;;;;;;;02;;;;;;;;A0BYR#F19.A07PQ;Wafers, Paperboard;A000J;Grains and grain-based products;A009T;Fine bakery wares;A009V;Biscuits;4;
6;3173;gaufrette nature;;wafer nature;12;12;122;122;1221;1221;;;;;;99;;;10;;;;;;;;A0BYR#F19.A07PR;Wafers, Plastic;A000J;Grains and grain-based products;A009T;Fine bakery wares;A009V;Biscuits;5;
6;3195;gouter fourré tout chocolat type bn;bn tout chocolat;filled snack all chocolate like bn;12;12;122;122;1221;1221;;;;;;01;;01;00;;;;;;;;A00AE#F04.A0EQD$F10.A077A$F28.A07MA;Biscuit with inclusions, filling or coating, Chocolate and similar,Full fat,Filling;A000J;Grains and grain-based products;A009T;Fine bakery wares;A009V;Biscuits;71;
6;3193;gouter fourré type bn;bn;filled snack like bn;12;12;122;122;1221;1221;;;;;;;;01;05;;;;;;;;A00AE#F10.A077A$F19.A07PR$F28.A07MA;Biscuit with inclusions, filling or coating, Full fat,Plastic,Filling;A000J;Grains and grain-based products;A009T;Fine bakery wares;A009V;Biscuits;568;
6;3196;gouter fourré à la crème type oreo;oreo;filled snack cream like oreo;12;12;122;122;1221;1221;;;;;;01,04;;;13;;;;;;;;A00AE#F04.A0EQD$F04.A04HG$F04.A019H$F19.A07PH$F28.A07MA;Biscuit with inclusions, filling or coating, Chocolate and similar,Cattle milk,Vanilla,Aluminium,Filling;A000J;Grains and grain-based products;A009T;Fine bakery wares;A009V;Biscuits;92;
6;2229;gouter sec nature type casse-croûte;gouter casse-croûte;dry snack nature like casse croûte;12;12;122;122;1221;1221;;;;;;99;;;00;;;;;;;;A009Y;Butter biscuits;A000J;Grains and grain-based products;A009T;Fine bakery wares;A009V;Biscuits;6;
6;1325;grillé aux fruits type grillé aux pommes;;grille with apple;12;12;121;121;1212;1212;;;;;;47;;;12;08;;;;;;;A00CF#F19.A07PL$F22.A07SY;Apple strudel, Prepared by artisan,Paper foil;A000J;Grains and grain-based products;A009T;Fine bakery wares;A00CC;Puff pastry;2;
6;3145;gâche vendéenne;;gâche vendéenne;12;12;121;121;1211;1211;;;;;;99;;;02;06;;;;;;;A00BT#F19.A07PQ$F22.A07SH;Brioche type products, Food industry prepared,Paperboard;A000J;Grains and grain-based products;A009T;Fine bakery wares;A00BK;Yeast leavened pastry;33;
6;1265;gâteau au yaourt;;gateau with yaourt;12;12;121;121;1214;1214;;18;;;;47;;;;03;;;;;;;A00AP#F03.A06HY$F04.A02NE$F04.A04SD$F04.A02LT$F04.A01DJ$F22.A07SS;Plain cakes, Whole/unsplit form, including artificial forms,Home prepared (family, social networks, proxies),Yoghurt,Blended fat and oils,Milk,Apples;A000J;Grains and grain-based products;A009T;Fine bakery wares;A00AN;Cakes;164;
6;3161;gâteau au yaourt tout chocolat;;gateau with yaourt, chocolate;12;12;121;121;1214;1214;;18;;;;01,B1;;;;03;;;;;;;A00BG#F03.A06HY$F04.A037K$F04.A03TR$F22.A07SS;Chocolate cake, Whole/unsplit form, including artificial forms,Home prepared (family, social networks, proxies),Walnut oil,Imitation cream;A000J;Grains and grain-based products;A009T;Fine bakery wares;A00AN;Cakes;41;
6;1266;gâteau basque à la crème pâtissière;;basque cake with custard;12;12;121;121;1214;1214;;;;;;ZI;;;02;08;;;;;;;A00AV#F19.A07PQ$F22.A07SY;Cream cake, Prepared by artisan,Paperboard;A000J;Grains and grain-based products;A009T;Fine bakery wares;A00AN;Cakes;19;
6;5130;gâteau basque à la myrtille;;blueberry gateau basque;12;12;121;121;1214;1214;;;;;;51;;;99;08;;;;;;;A00BA#F04.A01EY$F22.A07SY;Fruit cake, Prepared by artisan,Blueberries;A000J;Grains and grain-based products;A009T;Fine bakery wares;A00AN;Cakes;1;
6;1268;gâteau de savoie;gâteau mousseline;gateau savoie;12;12;121;121;1214;1214;;;;;;;;;;03;;;;;;;A00AQ#F04.A037D$F04.A02LT$F22.A07SS;Sponge cake, Home prepared (family, social networks, proxies),Sunflower seed oil, edible,Milk;A000J;Grains and grain-based products;A009T;Fine bakery wares;A00AN;Cakes;16;
6;4247;gâteau fourré type ourson de lu;ourson de lu (gâteau fourré);filled cake like ourson lu;12;12;121;121;1214;1214;;;;;;86;;;13;;;;;;;99;A00AP#F04.A034G$F19.A07PH$F28.A07MA;Plain cakes, Bitter chocolate,Aluminium,Filling;A000J;Grains and grain-based products;A009T;Fine bakery wares;A00AN;Cakes;118;
6;1270;gâteau marbré;cake marbré;gateau marbre (with chocolate mixed);12;12;121;121;1214;1214;;18;;;;;;;;03;;;;;;;A00BJ#F03.A06HY$F22.A07SS;Cake marbled, with chocolate, Whole/unsplit form, including artificial forms,Home prepared (family, social networks, proxies);A000J;Grains and grain-based products;A009T;Fine bakery wares;A00AN;Cakes;188;
6;3156;gâteau moelleux;;cake, soft, plain;12;12;121;121;1214;1214;;18;;;;83;;;;00;;;;;;;A00AP#F03.A06HY$F04.A04RK$F26.A07XE;Plain cakes, Whole/unsplit form, including artificial forms,Other,Fruit used as fruit;A000J;Grains and grain-based products;A009T;Fine bakery wares;A00AN;Cakes;249;
6;3160;gâteau tout chocolat;cake tout chocolat;cake, chocolat;12;12;121;121;1214;1214;;18;;;;01;;;05;06;;;;;;99;A00BG#F03.A06HY$F19.A07PR$F22.A07SH;Chocolate cake, Whole/unsplit form, including artificial forms,Food industry prepared,Plastic;A000J;Grains and grain-based products;A009T;Fine bakery wares;A00AN;Cakes;240;
6;1377;génoise fourrée à l'orange type chamonix;;chamonix;12;12;122;122;1221;1221;;;;;;62;;;13;;;;;;;;A00AE#F04.A01QP$F12.A009K$F19.A07PH$F28.A07MA;Biscuit with inclusions, filling or coating, Fruit preparations for fillings and/or flavouring,Sponge cake dough (génoise),Aluminium,Filling;A000J;Grains and grain-based products;A009T;Fine bakery wares;A009V;Biscuits;6;
6;1358;génoise fourrée à la confiture type pims;pim's;pims';12;12;122;122;1221;1221;;;;;;64;;;05;;;;;;;;A00AE#F04.A01MM$F04.A01DP$F12.A009K$F19.A07PR$F28.A07MA;Biscuit with inclusions, filling or coating, Jam of fruit / vegetables,Pears,Sponge cake dough (génoise),Plastic,Filling;A000J;Grains and grain-based products;A009T;Fine bakery wares;A009V;Biscuits;28;
6;3182;génoise nappée de chocolat type barquette 3 chatons;barquette 3 chatons au chocolat;coated chocolat sponge cake like barquette 3 chato;12;12;122;122;1221;1221;;;;;;01;;;00;;;;;;;;A00AE#F04.A0EQD;Biscuit with inclusions, filling or coating, Chocolate and similar;A000J;Grains and grain-based products;A009T;Fine bakery wares;A009V;Biscuits;21;
6;1370;génoise nappée de confiture type barquette 3 chatons;barquette 3 chatons à la confiture;coated jam sponge cake like barquette 3 chato;12;12;122;122;1221;1221;;;;;;48;;;00;;;;;;;;A00AE#F04.A01NA$F12.A009K;Biscuit with inclusions, filling or coating, Jam, apricots,Sponge cake dough (génoise);A000J;Grains and grain-based products;A009T;Fine bakery wares;A009V;Biscuits;63;
6;1271;génoise roulée fourrée type mini roulé pépito;mini roulé pépito;genoise, roule with jam;12;12;121;121;1214;1214;;;;;;87;;;05;06;;;;;;99;A00BB#F04.A034J$F19.A07PR$F22.A07SH;Sponge cake roll, Food industry prepared,Milk chocolate,Plastic;A000J;Grains and grain-based products;A009T;Fine bakery wares;A00AN;Cakes;31;
6;4246;génoise à la mousse de lait enrobée de chocolat type kinder pingui;kinder pingui;sponge cake like kinder pingui;12;12;121;121;1214;1214;;;;;;01,CA;;;13;;;;;;;99;A00AQ#F04.A04HG$F19.A07PH$F28.A07HP;Sponge cake, Cattle milk,Aluminium,Chocolate coating;A000J;Grains and grain-based products;A009T;Fine bakery wares;A00AN;Cakes;85;
6;1308;kougloff;;kougloff;12;12;121;121;1211;1211;;;;;;;;;00;06;;;;;;;A00BT#F22.A07SH;Brioche type products, Food industry prepared;A000J;Grains and grain-based products;A009T;Fine bakery wares;A00BK;Yeast leavened pastry;11;
6;1721;kouign amann;;kouign amam;12;12;121;121;1214;1214;;;;;;99;;;99;08;;;;;;;A00BT#F22.A07SY$F26.A07XE;Brioche type products, Prepared by artisan,Other;A000J;Grains and grain-based products;A009T;Fine bakery wares;A00BK;Yeast leavened pastry;7;
6;1381;langue de chat n.s.;;finger biscuit n.s.;12;12;122;122;1221;1221;;;;;;;;;00;;;;;;;;A009X#F28.A07LH;Biscuits, sweet, plain, Flattening / rolling;A000J;Grains and grain-based products;A009T;Fine bakery wares;A009V;Biscuits;1;
6;3294;langue de chat nature;;finger biscuit nature;12;12;122;122;1221;1221;;;;;;99;;;05,02;;;;;;;;A009X#F19.A07PR$F19.A07PQ$F28.A07LH;Biscuits, sweet, plain, Plastic,Paperboard,Flattening / rolling;A000J;Grains and grain-based products;A009T;Fine bakery wares;A009V;Biscuits;2;
6;2209;langue de chat tout chocolat;;chocolate finger biscuit;12;12;122;122;1221;1221;;;;;;01;;;00;;;;;;;;A009Z#F28.A07LH;Biscuits, chocolate, Flattening / rolling;A000J;Grains and grain-based products;A009T;Fine bakery wares;A009V;Biscuits;1;
6;1382;macaron fourré;;macaron filled;12;12;121;121;1212;1212;;18;;;;C7;;;;25;;;;;;;A00CN#F03.A06HY$F04.A014Q$F22.A07SP$F28.A07MA;Macaroons, Whole/unsplit form, including artificial forms,Restaurant prepared,Pistachios,Filling;A000J;Grains and grain-based products;A009T;Fine bakery wares;A00CJ;Various pastry;61;
6;3343;macaron non fourré;;macaron not filled;12;12;121;121;1212;1212;;18;;;;45;;;05;08;;;;;;;A00CN#F03.A06HY$F04.A014D$F19.A07PR$F22.A07SY;Macaroons, Whole/unsplit form, including artificial forms,Prepared by artisan,Almonds,Plastic;A000J;Grains and grain-based products;A009T;Fine bakery wares;A00CJ;Various pastry;7;
6;1272;madeleine;;madeleine, normal;12;12;121;121;1214;1214;;18;;;;01;;;00;06;;;;;;;A00AN#F03.A06HY$F04.A0EQD$F22.A07SH;Cakes, Whole/unsplit form, including artificial forms,Food industry prepared,Chocolate and similar;A000J;Grains and grain-based products;A009T;Fine bakery wares;A00AN;Cakes;363;
6;1366;madeleine fourrée;;madeleine filled;12;12;121;121;1214;1214;;18;;;;48;;;13;06;;;;;;;A00AP#F03.A06HY$F04.A01GF$F19.A07PH$F22.A07SH$F28.A07MA;Plain cakes, Whole/unsplit form, including artificial forms,Food industry prepared,Apricots,Aluminium,Filling;A000J;Grains and grain-based products;A009T;Fine bakery wares;A00AN;Cakes;18;
6;3346;madeleine tout chocolat;;madeleine chocolate;12;12;121;121;1214;1214;;18;;;;01;;;00;08;;;;;;;A00BF#F03.A06HY$F22.A07SY;Chocolate-based cakes, Whole/unsplit form, including artificial forms,Prepared by artisan;A000J;Grains and grain-based products;A009T;Fine bakery wares;A00AN;Cakes;12;
6;3350;makrout;;makrout;12;12;121;121;1210;1210;;;;;;;;;;03;;;;;;;A00AE#F04.A0ETL$F04.A01MF$F22.A07SS;Biscuit with inclusions, filling or coating, Home prepared (family, social networks, proxies),Semolina,Dried dates;A000J;Grains and grain-based products;A009T;Fine bakery wares;A009V;Biscuits;3;
6;1273;meringue;;meringue;12;12;121;121;1210;1210;;18;;;;;;;;03;;;;;;;A00CP#F03.A06HY$F22.A07SS;Meringue, Whole/unsplit form, including artificial forms,Home prepared (family, social networks, proxies);A000J;Grains and grain-based products;A009T;Fine bakery wares;A00CJ;Various pastry;51;
6;3400;merveille;;donuts merveilles;12;12;121;121;1215;1215;;;;;;;;;99;08;;;;;;;A00AJ#F22.A07SY;Beignets, Prepared by artisan;A000J;Grains and grain-based products;A009T;Fine bakery wares;A00AG;Choux pastry;7;
6;1281;millefeuille;;millefeuille;12;12;121;121;1212;1212;;;;;;99;;;05;06;;;;;;03;A00CC#F04.A02PX$F19.A07PR$F22.A07SH$F26.A07XE$F28.A07HN$F28.A07KP;Puff pastry, Food industry prepared,Other,Custard,Plastic,Sugar coating,Chilling;A000J;Grains and grain-based products;A009T;Fine bakery wares;A00CC;Puff pastry;24;
6;1282;moka;;moka;12;12;121;121;1212;1212;;;;;;;;;05;06;;;;;;03;A00AY#F04.A03KA$F19.A07PR$F22.A07SH$F28.A07KP;Cream custard sponge cake, Food industry prepared,Coffee beverages,Plastic,Chilling;A000J;Grains and grain-based products;A009T;Fine bakery wares;A00AN;Cakes;2;
6;2168;muffin;;muffin's plain;12;12;121;121;1214;1214;;;;;;99;;;99;08;;;;;;;A00BC#F22.A07SY;Muffins, Prepared by artisan;A000J;Grains and grain-based products;A009T;Fine bakery wares;A00AN;Cakes;46;
6;3433;muffin enrobé de chocolat;;muffin's coated with chocolate;12;12;121;121;1214;1214;;;;;;99;;;10;06;;;;;;99;A00BC#F19.A07PR$F22.A07SH$F28.A07HP;Muffins, Food industry prepared,Plastic,Chocolate coating;A000J;Grains and grain-based products;A009T;Fine bakery wares;A00AN;Cakes;6;
6;2447;muffin tout chocolat;;muffin's chocolate;12;12;121;121;1214;1214;;;;;;4F;;;99;08;;;;;;;A00BC#F04.A0EQD$F22.A07SY;Muffins, Prepared by artisan,Chocolate and similar;A000J;Grains and grain-based products;A009T;Fine bakery wares;A00AN;Cakes;25;
6;2150;napolitain;;napolitan crust;12;12;121;121;1214;1214;;;;;;;;;99;06;;;;;;;A00AQ#F04.A035R$F22.A07SH;Sponge cake, Food industry prepared,Chocolate mass;A000J;Grains and grain-based products;A009T;Fine bakery wares;A00AN;Cakes;75;
6;5133;nid d'abeille;;nid d'abeilles;12;12;121;121;1212;1212;;;;;;;;;99;08;;;;;;;A00BT#F04.A02PX$F22.A07SY$F28.A07MA;Brioche type products, Prepared by artisan,Custard,Filling;A000J;Grains and grain-based products;A009T;Fine bakery wares;A00BK;Yeast leavened pastry;1;
6;3457;nonette;;nonette;12;12;121;121;1210;1210;;;;;;;;;05;06;;;;;;99;A00CT#F04.A01NK$F04.A033J$F19.A07PR$F22.A07SH;Gingerbread, Food industry prepared,Marmalade, oranges,Honey,Plastic;A000J;Grains and grain-based products;A009T;Fine bakery wares;A00CJ;Various pastry;4;
6;1243;omelette norvégienne;;ice cream like omelette norvegienne;5;5;58;58;581;581;;;;;;56;;;;00;;;;;;;A00AQ#F04.A02QA$F04.A00CP$F04.A01DV;Sponge cake, Ice cream, milk-based,Meringue,Grapes and similar fruits;A000J;Grains and grain-based products;A009T;Fine bakery wares;A00AN;Cakes;2;
6;1283;opéra;;opera;12;12;121;121;1212;1212;;;;;;;;;05;06;;;;;;03;A00AY#F04.A034R$F19.A07PR$F22.A07SH$F28.A07KP;Cream custard sponge cake, Food industry prepared,Chocolate coated confectionery,Plastic,Chilling;A000J;Grains and grain-based products;A009T;Fine bakery wares;A00AN;Cakes;10;
6;1309;pain au chocolat;chocolatine;pain au chocolat;12;12;121;121;1211;1211;;;;;;01;;;05,10;06;;;;;;99;A00CE#F19.A07PR$F22.A07SH;Puff-pastry croissant, filled with chocolate, Food industry prepared,Plastic;A000J;Grains and grain-based products;A009T;Fine bakery wares;A00CC;Puff pastry;637;
6;3515;pain au chocolat aux amandes;;pain au chocolat aux amandes;12;12;121;121;1211;1211;;;;;;01,45;;;05;06;;;;;;;A00CE#F04.A014D$F19.A07PR$F22.A07SH;Puff-pastry croissant, filled with chocolate, Food industry prepared,Almonds,Plastic;A000J;Grains and grain-based products;A009T;Fine bakery wares;A00CC;Puff pastry;3;
6;3517;pain au lait;;milk bread;12;12;121;121;1211;1211;;;;;;;;;05;06;;;;;;;A00BL#F04.A02LV$F19.A07PR$F22.A07SH;Buns, Food industry prepared,Cow milk,Plastic;A000J;Grains and grain-based products;A009T;Fine bakery wares;A00BK;Yeast leavened pastry;876;
6;3518;pain au lait fourré type pitch;pitch;milk bread, filled;12;12;121;121;1211;1211;;;;;;87;;;12;06;;;;;;;A00BL#F04.A02LV$F04.A0EQD$F04.A034J$F19.A07PL$F22.A07SH$F28.A07MA;Buns, Food industry prepared,Cow milk,Chocolate and similar,Milk chocolate,Paper foil,Filling;A000J;Grains and grain-based products;A009T;Fine bakery wares;A00BK;Yeast leavened pastry;126;
6;3516;pain aux raisins;;pain aux raisins;12;12;121;121;1211;1211;;;;;;67;;;;03;;;;;;;A00CC#F04.A01ME$F22.A07SS;Puff pastry, Home prepared (family, social networks, proxies),Dried vine fruits (raisins etc.);A000J;Grains and grain-based products;A009T;Fine bakery wares;A00CC;Puff pastry;31;
6;1274;pain d'épices;;pain d'epices;12;12;121;121;1210;1210;;;;;;08;;;;22;;;;;;;A00CT#F22.A07SQ;Gingerbread, Canteen / localized catering prepared;A000J;Grains and grain-based products;A009T;Fine bakery wares;A00CJ;Various pastry;63;
6;1843;pain d'épices enrichi en vitamines;;pain d'epices, enriched with vitamins;12;12;121;121;1210;1210;;;;;;;;;05;06;;;;;;;A00CT#F09.A0EVG$F19.A07PR$F22.A07SH;Gingerbread, Food industry prepared,Vitamins,Plastic;A000J;Grains and grain-based products;A009T;Fine bakery wares;A00CJ;Various pastry;1;
6;2190;pain perdu;;pain perdu;12;12;121;121;1210;1210;;;;;;;;;;03;;;;;;;A004X#F04.A02LV$F04.A031G$F22.A07SS$F28.A07GS;Wheat bread and rolls, Home prepared (family, social networks, proxies),Cow milk,Hen eggs,Pan frying / shallow frying;A000J;Grains and grain-based products;A004V;Bread and similar products;A0BY0;Leavened bread and similar;30;
6;523;pain viennois;baguette viennoise;bread, viennese;6;6;63;63;631;631;;;98;;;99;;;;06;;;;;;99;A00BL#F22.A07SH$F24.A07VP;Buns, Food industry prepared,Ready-to-eat;A000J;Grains and grain-based products;A009T;Fine bakery wares;A00BK;Yeast leavened pastry;67;
6;1348;palet breton n.s.;;palet n.s.;12;12;122;122;1221;1221;;;;;;;;;05;06;;;;;;;A009Y#F19.A07PR$F22.A07SH;Butter biscuits, Food industry prepared,Plastic;A000J;Grains and grain-based products;A009T;Fine bakery wares;A009V;Biscuits;10;
6;1349;palet breton nature;;palet breton nature;12;12;122;122;1221;1221;;;;;;99;;;99;08;;;;;;;A009Y#F22.A07SY;Butter biscuits, Prepared by artisan;A000J;Grains and grain-based products;A009T;Fine bakery wares;A009V;Biscuits;31;
6;3521;palet breton tout chocolat;;chocolate palet breton;12;12;122;122;1221;1221;;;;;;01;;;05;;;;;;;;A009Y#F04.A0EQD$F19.A07PR;Butter biscuits, Chocolate and similar,Plastic;A000J;Grains and grain-based products;A009T;Fine bakery wares;A009V;Biscuits;2;
6;3526;pancake;;pancake;12;12;121;121;1215;1215;;18;;;;;;;;03;;;;;;;A00CL#F03.A06HY$F04.A02LT$F22.A07SS;Pancakes, Whole/unsplit form, including artificial forms,Home prepared (family, social networks, proxies),Milk;A000J;Grains and grain-based products;A009T;Fine bakery wares;A00CJ;Various pastry;32;
6;1338;panettone;;panettone;12;12;121;121;1211;1211;;;;;;;;;05,12;08;;;;;;;A00BT#F19.A07PR$F19.A07PL$F22.A07SY;Brioche type products, Prepared by artisan,Plastic,Paper foil;A000J;Grains and grain-based products;A009T;Fine bakery wares;A00BK;Yeast leavened pastry;4;
6;1284;paris brest;;paris-brest;12;12;121;121;1212;1212;;;;;;;;;05;06;;;;;;02;A00AG#F04.A02PX$F04.A014D$F19.A07PR$F22.A07SH$F28.A07KQ;Choux pastry, Food industry prepared,Custard,Almonds,Plastic,Freezing;A000J;Grains and grain-based products;A009T;Fine bakery wares;A00AG;Choux pastry;10;
6;5134;pavlova;;pavlova;12;12;121;121;1212;1212;;;;;;;;;;03;;;;;00;;A00BD#F22.A07SS;Meringue tart, Home prepared (family, social networks, proxies);A000J;Grains and grain-based products;A009T;Fine bakery wares;A00AN;Cakes;1;
6;2364;petit four sucré;mini pâtisserie;petits fours sucres;12;12;121;121;1212;1212;;;;;;04;;;99;08;;;;;;;A009T#F04.A019H$F22.A07SY;Fine bakery wares, Prepared by artisan,Vanilla;A000J;Grains and grain-based products;A009T;Fine bakery wares;;;6;
6;1285;pithiviers;galette des rois à la frangipane;pithiviers;12;12;121;121;1212;1212;;;;;;;;;;03;;;;;;;A00CC#F04.A009F$F22.A07SS$F28.A07MA;Puff pastry, Home prepared (family, social networks, proxies),Sweet almond pastry mass,Filling;A000J;Grains and grain-based products;A009T;Fine bakery wares;A00CC;Puff pastry;72;
6;1314;poirier;;poirier;12;12;121;121;1212;1212;;;;;;64;;;99;08;;;;;;;A00AY#F04.A01DP$F22.A07SY;Cream custard sponge cake, Prepared by artisan,Pears;A000J;Grains and grain-based products;A009T;Fine bakery wares;A00AN;Cakes;2;
6;1319;profiterole;;profiterolles;12;12;121;121;1212;1212;;;;;;;;;;03;;;;;;;A00AK#F22.A07SS;Profiterole, Home prepared (family, social networks, proxies);A000J;Grains and grain-based products;A009T;Fine bakery wares;A00AG;Choux pastry;13;
6;1275;pudding;;pudding;12;12;121;121;1214;1214;;18;;;;;;;99;08;;;;;;;A02PY#F03.A06HY$F22.A07SY;Starchy pudding, Whole/unsplit form, including artificial forms,Prepared by artisan;A02LR;Milk and dairy products;A02PT;Dairy dessert and similar;A02PV;Dairy desserts spoonable;8;
6;3557;pâtisserie n.s.;;pastries n.s.;12;12;121;121;1212;1212;;;;;;;;;99;08;;;;;;;A009T#F22.A07SY;Fine bakery wares, Prepared by artisan;A000J;Grains and grain-based products;A009T;Fine bakery wares;;;12;
6;3556;pâtisserie orientale n.s.;;pastry, oriental n.s.;12;12;121;121;1210;1210;;;;;;;;;;32;;;;;;;A009T#F22.A07SK$F26.A07XD;Fine bakery wares, Restaurant or fast food prepared,Unspecified;A000J;Grains and grain-based products;A009T;Fine bakery wares;;;23;
6;1277;pâtisserie à la crème n.s.;;pastries with cream n.s.;12;12;121;121;1212;1212;;;;;;FN;;;02;08;;;;;;;A009T#F04.A02PX$F19.A07PQ$F22.A07SY;Fine bakery wares, Prepared by artisan,Custard,Paperboard;A000J;Grains and grain-based products;A009T;Fine bakery wares;;;9;
6;1276;quatre quarts;;quatre-quart, normal;12;12;121;121;1214;1214;;18;;;;01;;;05;06;;;;;;;A00AP#F03.A06HY$F04.A0EQD$F19.A07PR$F22.A07SH;Plain cakes, Whole/unsplit form, including artificial forms,Food industry prepared,Chocolate and similar,Plastic;A000J;Grains and grain-based products;A009T;Fine bakery wares;A00AN;Cakes;97;
6;2197;quatre quarts enrobé de chocolat;;quatre quart chocolate coating;12;12;121;121;1214;1214;;18;;;;01;;;11;06;;;;;;;A00AP#F03.A06HY$F04.A0EQD$F19.A07PH$F22.A07SH$F28.A07HP;Plain cakes, Whole/unsplit form, including artificial forms,Food industry prepared,Chocolate and similar,Aluminium,Chocolate coating;A000J;Grains and grain-based products;A009T;Fine bakery wares;A00AN;Cakes;4;
6;1286;religieuse;;religieuse;12;12;121;121;1212;1212;;;;;;86;;;99;08;;;;;;;A00AH#F04.A034G$F22.A07SY;Éclair, Prepared by artisan,Bitter chocolate;A000J;Grains and grain-based products;A009T;Fine bakery wares;A00AG;Choux pastry;10;
6;4241;rose des sables;;rose des sables;12;12;122;122;1220;1220;;;;;;;;;;03;;;;;;;A04QY#F22.A07SS$F28.A07HP;Cereal flakes and similar, Home prepared (family, social networks, proxies),Chocolate coating;A000J;Grains and grain-based products;A00CV;Breakfast cereals;A04LK;Processed and mixed breakfast cereals;7;
6;2214;rousquille;;cake rousquille;12;12;122;122;1221;1221;;;;;;;;;05;;;;;;;;A00BR#F19.A07PR$F28.A07HN;Doughnuts-berliner, Plastic,Sugar coating;A000J;Grains and grain-based products;A009T;Fine bakery wares;A00BK;Yeast leavened pastry;1;
6;1287;saint honoré;;saint-honore;12;12;121;121;1212;1212;;;;;;;;;99;08;;;;;;;A00AG#F04.A02MN$F04.A034Z$F22.A07SY;Choux pastry, Prepared by artisan,Cream sprayable,Caramel, hard;A000J;Grains and grain-based products;A009T;Fine bakery wares;A00AG;Choux pastry;2;
6;1318;salambo;gland pâtissier;salambo;12;12;121;121;1212;1212;;;;;;04;;;99;08;;;;;;;A00AG#F04.A02PX$F04.A03PK$F04.A019H$F22.A07SY$F28.A07MA;Choux pastry, Prepared by artisan,Custard,Spirits made from stone fruits,Vanilla,Filling;A000J;Grains and grain-based products;A009T;Fine bakery wares;A00AG;Choux pastry;1;
6;5135;saucisson en chocolat;;chocolate sausage;12;12;121;121;1214;1214;;;;;;01;;;12;06;;;;;;;A00BG#F19.A07PL$F22.A07SH;Chocolate cake, Food industry prepared,Paper foil;A000J;Grains and grain-based products;A009T;Fine bakery wares;A00AN;Cakes;1;
6;1823;soufflé aux fruits;;souffle de fruits;12;12;121;121;1212;1212;;;;;;59;;;;03;;;;;03;;A00CJ#F04.A04RK$F04.A01BY$F22.A07SS$F26.A07XE$F28.A07LE;Various pastry, Home prepared (family, social networks, proxies),Other,Fruit used as fruit,Lemons,Aerating / whipping;A000J;Grains and grain-based products;A009T;Fine bakery wares;A00CJ;Various pastry;1;
6;3984;substitut de repas barre fourrée;substitut de repas barre diététique fourrée, substitut de repas barre coupe faim fourrée, substitut de repas barre hyperprotéinée fourrée;meal replacement, bar filled;17;17;172;172;1722;1722;;;;;;04,86,03;;;05;;;;;;;;A03RV#F04.A019H$F04.A034G$F04.A035A$F19.A07PR;Single meal replacement for weight reduction, Vanilla,Bitter chocolate,Caramel, soft,Plastic;A03RQ;Products for non-standard diets, food imitates and food supplements;A03RR;Food for particular diets;A03RS;Food for weight reduction;2;
6;2112;substitut de repas barre n.s.;substitut de repas barre coupe faim n.s., substitut de repas barre diététique n.s., substitut de repas barre hyperprotéinée n.s.;meal replacement, bar n.s.;17;17;172;172;1722;1722;;;;;;00;;;00;;;;;;;;A03RV;Single meal replacement for weight reduction;A03RQ;Products for non-standard diets, food imitates and food supplements;A03RR;Food for particular diets;A03RS;Food for weight reduction;1;
6;3991;succès aux noix;;succes aux noix;12;12;121;121;1212;1212;;;;;;44;;;02;06;;;;;;02;A00AZ#F19.A07PQ$F22.A07SH$F28.A07KQ;Nut cream cake, Food industry prepared,Paperboard,Freezing;A000J;Grains and grain-based products;A009T;Fine bakery wares;A00AN;Cakes;3;
6;1294;tarte au chocolat;;tart, chocolate;12;12;121;121;1213;1213;;;;;;87,43;;;05;06;;;;;;00;A00BV#F04.A0EQD$F04.A034J$F04.A014L$F19.A07PR$F22.A07SH;Shortcrust (pies -tarts), Food industry prepared,Chocolate and similar,Milk chocolate,Hazelnuts,Plastic;A000J;Grains and grain-based products;A009T;Fine bakery wares;A00BV;Shortcrust (pies -tarts);24;
6;1332;tarte au fromage blanc;;tart, with fromage blanc;12;12;121;121;1213;1213;;;;;;ZP;;;99;08;;;;;;;A00BV#F04.A02QK$F22.A07SY;Shortcrust (pies -tarts), Prepared by artisan,Quark;A000J;Grains and grain-based products;A009T;Fine bakery wares;A00BV;Shortcrust (pies -tarts);13;
6;1333;tarte au sucré;;tart, sugar;12;12;121;121;1213;1213;;;;;;ZK;;;99;08;;;;;;;A00BV#F04.A032H$F22.A07SY;Shortcrust (pies -tarts), Prepared by artisan,Sucrose (common sugar);A000J;Grains and grain-based products;A009T;Fine bakery wares;A00BV;Shortcrust (pies -tarts);10;
6;1292;tarte aux fruits (fruits seuls sans crème);;tart, fruits (without cream);12;12;121;121;1213;1213;;;;;;52;;;;03;;;;;02;;A00BZ#F04.A01GG$F21.A07RY$F22.A07SS;Fruit pie-tarts, Home prepared (family, social networks, proxies),Cherries and similar-,Wild or gathered or hunted;A000J;Grains and grain-based products;A009T;Fine bakery wares;A00BV;Shortcrust (pies -tarts);300;
6;4010;tarte aux fruits amandine;tarte aux fruits à la crème d'amande, tarte aux fruits à la bourdaloue;tart, almonds with fruits;12;12;121;121;1213;1213;;;;;;64;;;12;08;;;;;;;A00CB#F04.A01DP$F19.A07PL$F22.A07SY;Marzipan pie, Prepared by artisan,Pears,Paper foil;A000J;Grains and grain-based products;A009T;Fine bakery wares;A00BV;Shortcrust (pies -tarts);21;
6;4017;tarte aux fruits et chocolat;;tart, with fruits and chocolate;12;12;121;121;1213;1213;;;;;;64,86;;;;03;;;;;03;;A00BZ#F04.A01DP$F04.A034G$F22.A07SS;Fruit pie-tarts, Home prepared (family, social networks, proxies),Pears,Bitter chocolate;A000J;Grains and grain-based products;A009T;Fine bakery wares;A00BV;Shortcrust (pies -tarts);9;
6;4012;tarte aux fruits n.s.;;tart, with fruits n.s.;12;12;121;121;1213;1213;;;;;;47;;;;03;;;;;03;;A00BZ#F04.A01DJ$F22.A07SS;Fruit pie-tarts, Home prepared (family, social networks, proxies),Apples;A000J;Grains and grain-based products;A009T;Fine bakery wares;A00BV;Shortcrust (pies -tarts);93;
6;5136;tarte aux fruits sans gluten;;gluten free fruit  pie-tart;12;12;121;121;1213;1213;;;;;;47;;;;03;;;;;03;;A00BZ#F04.A01DJ$F10.A0B8L$F22.A07SS;Fruit pie-tarts, Home prepared (family, social networks, proxies),Apples,Gluten free;A000J;Grains and grain-based products;A009T;Fine bakery wares;A00BV;Shortcrust (pies -tarts);1;
6;4016;tarte aux fruits secs type tarte aux noix;;tart, with nuts;12;12;121;121;1213;1213;;;;;;44;;;99;08;;;;;;;A00BV#F04.A014R$F22.A07SY;Shortcrust (pies -tarts), Prepared by artisan,Walnuts;A000J;Grains and grain-based products;A009T;Fine bakery wares;A00BV;Shortcrust (pies -tarts);2;
6;1293;tarte aux fruits type tatin;;tart, tatin;12;12;121;121;1213;1213;;;;;;47;;;99;08;;;;;;;A00BZ#F04.A01DJ$F22.A07SY;Fruit pie-tarts, Prepared by artisan,Apples;A000J;Grains and grain-based products;A009T;Fine bakery wares;A00BV;Shortcrust (pies -tarts);16;
6;4021;tarte aux fruits à la compote de fruits;;tart, with fruits and fruit puree;12;12;121;121;1213;1213;;;;;;47;;;;03;;;;;00;;A00BZ#F04.A01PF$F22.A07SS;Fruit pie-tarts, Home prepared (family, social networks, proxies),Fruit compote, apple;A000J;Grains and grain-based products;A009T;Fine bakery wares;A00BV;Shortcrust (pies -tarts);49;
6;4019;tarte aux fruits à la crème chantilly;;tart, with fruits and chantilly;12;12;121;121;1213;1213;;;;;;34;;;99;08;;;;;;;A00BZ#F04.A02MN$F04.A01EP$F22.A07SY;Fruit pie-tarts, Prepared by artisan,Cream sprayable,Raspberries (red and yellow);A000J;Grains and grain-based products;A009T;Fine bakery wares;A00BV;Shortcrust (pies -tarts);13;
6;2157;tarte aux fruits à la crème de fruits meringuée type tarte citron meringuée;;tart with lemon and meringue;12;12;121;121;1213;1213;;18;;;;59;;;05;06;;;;;;03;A00BD#F03.A06HY$F04.A02PX$F04.A01BY$F19.A07PR$F22.A07SH$F28.A07KP;Meringue tart, Whole/unsplit form, including artificial forms,Food industry prepared,Custard,Lemons,Plastic,Chilling;A000J;Grains and grain-based products;A009T;Fine bakery wares;A00AN;Cakes;25;
6;1291;tarte aux fruits à la crème de fruits type tarte au citron;;tart, lemon;12;12;121;121;1213;1213;;18;;;;59;;;;25;;;;;;;A00BZ#F03.A06HY$F04.A02PX$F04.A01BY$F22.A07SP;Fruit pie-tarts, Whole/unsplit form, including artificial forms,Restaurant prepared,Custard,Lemons;A000J;Grains and grain-based products;A009T;Fine bakery wares;A00BV;Shortcrust (pies -tarts);30;
6;4018;tarte aux fruits à la crème pâtissière;;tart, with fruits and custard;12;12;121;121;1213;1213;;;;;;65;;;;03;;;;;03;;A00BZ#F04.A02PX$F04.A01LP$F22.A07SS;Fruit pie-tarts, Home prepared (family, social networks, proxies),Custard,Pineapples;A000J;Grains and grain-based products;A009T;Fine bakery wares;A00BV;Shortcrust (pies -tarts);103;
6;1288;tarte n.s.;;tart n.s.;12;12;121;121;1213;1213;;;;;;;;;;25;;;;;;;A00BV#F22.A07SP;Shortcrust (pies -tarts), Restaurant prepared;A000J;Grains and grain-based products;A009T;Fine bakery wares;A00BV;Shortcrust (pies -tarts);4;
6;4011;tarte normande;;tart, apple, normandy;12;12;121;121;1213;1213;;;;;;5F;;;;03;;;;;01;;A00BX#F04.A01DJ$F04.A0DTY$F21.A0C6S$F22.A07SS;Flan tart, Home prepared (family, social networks, proxies),Apples,Blackberries and similar-,Back yard farming - growing;A000J;Grains and grain-based products;A009T;Fine bakery wares;A00BV;Shortcrust (pies -tarts);10;
6;1822;tarte tropézienne;;tarte, tropezienne;12;12;121;121;1212;1212;;;;;;;;;00;06;;;;;;00;A00AX#F12.A008M$F22.A07SH;Cream custard cake, Food industry prepared,Fine yeast sweet dough (brioche);A000J;Grains and grain-based products;A009T;Fine bakery wares;A00AN;Cakes;16;
6;4015;tarte à la confiture;linzer torte;tart, with jam;12;12;121;121;1213;1213;;;;;;56,14;;;;03;;;;;;;A00BV#F04.A01MM$F04.A01DV$F22.A07SS;Shortcrust (pies -tarts), Home prepared (family, social networks, proxies),Jam of fruit / vegetables,Grapes and similar fruits;A000J;Grains and grain-based products;A009T;Fine bakery wares;A00BV;Shortcrust (pies -tarts);8;
6;1331;tarte à la crème;;tart, with cream;12;12;121;121;1213;1213;;;;;;FN;;;;03;;;;;;;A00BV#F04.A02MK$F22.A07SS;Shortcrust (pies -tarts), Home prepared (family, social networks, proxies),Cream and cream products;A000J;Grains and grain-based products;A009T;Fine bakery wares;A00BV;Shortcrust (pies -tarts);13;
6;2333;tarte à la crème de marrons;;tart, with chestnut cream;12;12;121;121;1213;1213;;;;;;99;;;99;08;;;;;;;A00BV#F04.A01BL$F22.A07SY;Shortcrust (pies -tarts), Prepared by artisan,Chestnut puree (castanea vulgaris);A000J;Grains and grain-based products;A009T;Fine bakery wares;A00BV;Shortcrust (pies -tarts);1;
6;555;tartine craquante fourrée type craquinette;craquinette (fourrée);cracotte, filled;12;12;122;122;1221;1221;;;;;;87;;;05;;;;;;;;A006D#F04.A034J$F19.A07PR$F28.A07MA;Wheat crisp bread, Milk chocolate,Plastic,Filling;A000J;Grains and grain-based products;A004V;Bread and similar products;A0CHT;Crisp bread;40;
6;635;tiramisu au café;;tiramisu with coffee;12;12;121;121;1212;1212;;18;;;;02;;;;25;;;;;;;A00AQ#F03.A06HY$F04.A02QH$F04.A03HG$F04.A03KA$F04.A03NM$F22.A07SP;Sponge cake, Whole/unsplit form, including artificial forms,Restaurant prepared,Mascarpone,Cocoa powder,Coffee beverages,Marsala;A000J;Grains and grain-based products;A009T;Fine bakery wares;A00AN;Cakes;54;
6;4038;tiramisu au chocolat;;tiramisu with chocolate;12;12;121;121;1212;1212;;18;;;;01;;;;32;;;;;;;A00AQ#F03.A06HY$F04.A02QH$F04.A03HG$F04.A0EQD$F04.A03NM$F22.A07SK$F26.A07XE;Sponge cake, Whole/unsplit form, including artificial forms,Restaurant or fast food prepared,Other,Mascarpone,Cocoa powder,Chocolate and similar,Marsala;A000J;Grains and grain-based products;A009T;Fine bakery wares;A00AN;Cakes;17;
6;4039;tiramisu aux fruits;;tiramisu with fruits;12;12;121;121;1212;1212;;18;;;;34,W2;;;;03;;;;;03;;A00AQ#F03.A06HY$F04.A02QH$F04.A03HG$F04.A03NM$F04.A01EP$F04.A00AD$F22.A07SS;Sponge cake, Whole/unsplit form, including artificial forms,Home prepared (family, social networks, proxies),Mascarpone,Cocoa powder,Marsala,Raspberries (red and yellow),Speculaas;A000J;Grains and grain-based products;A009T;Fine bakery wares;A00AN;Cakes;22;
6;4049;torsade au chocolat;;torsade au chocolat;12;12;121;121;1211;1211;;;;;;01;;;05;06;;;;;;;A00CC#F04.A02PX$F04.A0EQD$F19.A07PR$F22.A07SH$F28.A07MA;Puff pastry, Food industry prepared,Custard,Chocolate and similar,Plastic,Filling;A000J;Grains and grain-based products;A009T;Fine bakery wares;A00CC;Puff pastry;6;
6;2446;tourteau fromager (au fromage);;tourteau au fromage;12;12;121;121;1214;1214;;;;;;35;;;;00;;;;;;;A00AR#F04.A02QQ;Cheese  cake, Cheese, chevre frais;A000J;Grains and grain-based products;A009T;Fine bakery wares;A00AN;Cakes;2;
6;2378;tête de nègre (pâtisserie);;cake tete de negre;12;12;121;121;1212;1212;;;;;;;;;99;08;;;;;;;A00CP#F22.A07SY$F28.A07HP;Meringue, Prepared by artisan,Chocolate coating;A000J;Grains and grain-based products;A009T;Fine bakery wares;A00CJ;Various pastry;6;
6;1304;viennoiserie n.s.;;viennoiserie n.s.;12;12;121;121;1211;1211;;;;;;;;;05,12;06;;;;;;99;A00CC#F19.A07PR$F19.A07PL$F22.A07SH;Puff pastry, Food industry prepared,Plastic,Paper foil;A000J;Grains and grain-based products;A009T;Fine bakery wares;A00CC;Puff pastry;8;
6;1279;éclair;;eclair;12;12;121;121;1212;1212;;;;;;02;;;05;06;;;;;;03;A00AH#F04.A03KA$F19.A07PR$F22.A07SH$F28.A07KP;Éclair, Food industry prepared,Coffee beverages,Plastic,Chilling;A000J;Grains and grain-based products;A009T;Fine bakery wares;A00AG;Choux pastry;90;
